stop_id,passing_values,frequent_stop,stop_code,platform_code,stop_name,stop_desc,stop_lat,stop_lon
2537977,2,FALSE,810,,Market Basket,,42.0939424100117,-71.0521779590374
2558590,0,FALSE,,,Belair St at 7-Eleven,,42.0890192378145,-71.0372039831261
2558591,1,FALSE,,,Belair St at 7-Eleven,,42.0890430017549,-71.037347446367
2558592,0,FALSE,824,,Belair St at Colonel Bell Drive,,42.0908264282866,-71.0373500887019
2558593,1,FALSE,,,Belair St at Belair Hi Rise,,42.0918738210717,-71.0376407136902
2558594,0,FALSE,821,,Belair St at Belair Hi Rise,,42.0918917920265,-71.0375348429231
2558595,1,FALSE,,,Belair St at Earle St,,42.0933672360021,-71.0379704879999
2558596,1,FALSE,,,Belair St at Coventry Cir,,42.0959668778419,-71.0384412401456
2558597,0,FALSE,,,Belair St at Coventry Cir,,42.0959810203931,-71.0382969182768
2558598,0,FALSE,,,Belair St at Anne Ave,,42.0980717330231,-71.0386182268475
2558599,0,FALSE,,,Belair Street and Tucker Drive,,42.0992991302205,-71.0387947261961
2558600,2,FALSE,983,,Campanelli Dr at Work Out World,,42.1007974253946,-71.0525892765412
2558601,0,FALSE,,,Oak St at Walmart,,42.1014650900537,-71.0555953164039
2558602,0,FALSE,980,,Oak St at Walmart,,42.1013162683481,-71.0554852320682
2558603,0,FALSE,981,,Oak St in front of Wendys,,42.1014576719014,-71.0542279300879
2558605,0,FALSE,977,,Park St across from Canterbury Arms Apts,,42.1005541855009,-71.0669282965253
2558606,1,FALSE,989,,Pleasant St at Vincentes,,42.085856927803,-71.0237113207461
2558946,2,FALSE,,,N Main Street and Locust Street,,42.1093943797746,-71.031074231851
2584761,0,FALSE,287,,Oak St Ext and Pearl St,,42.0998104880103,-71.0654027254259
2584762,0,FALSE,286,,Oak St Ext at 7-Eleven,,42.1000816101213,-71.0633844534783
2729862,2,FALSE,,,Lisa Dr & Howard St,,42.1198708177261,-71.0168512959149
2729863,2,FALSE,,,North Quincy St at St Nick Church,,42.1143262280262,-70.9992233584903
2729864,2,FALSE,,,Hovendon Ave & Farnham St,,42.1134803827065,-71.0117813501673
2729865,2,FALSE,,,Cary Hill Plaza,,42.09550280973,-71.0109638185304
2734703,0,FALSE,,,North Main St at Washburn Heights Housing,,42.108633,-71.030131
2734704,0,FALSE,,,North Main St at Guardian Rehabilitation Center,,42.106306,-71.027223
2734705,0,FALSE,,,North Main St. @ Field House Daycare,,42.112036,-71.03312
2734706,2,FALSE,,,Main St at Hayward Ave,,42.049914,-71.011246
2735481,2,FALSE,,,Westgate Dt at Reynolds Hwy,,42.0900005599165,-71.0481771365626
2735484,2,FALSE,,,Pleasant St at Newbury St,,42.0868030398076,-71.0279726412381
2735485,1,FALSE,,,Clifton Ave at Main St,,42.0601692120807,-71.0145054121347
2735486,2,FALSE,,,Warren Ave and West Chestnut St,,42.0634251079602,-71.0192276536911
2735487,2,FALSE,,,Warren Ave and Calmar St,,42.0654758440865,-71.0197318833026
2735488,2,FALSE,,,Warren Ave and Tribou St,,42.0684695169595,-71.0204444159827
2735489,2,FALSE,,,Warren Ave and Florence St,,42.0718962621122,-71.0210540016126
2735490,2,FALSE,,,Warren Ave and Dover St,,42.074724226686,-71.0215437972069
2735491,2,FALSE,,,Warren Ave and West Park St,,42.0771927547195,-71.0219873223601
2735492,3,FALSE,,,Main St and Church St,,42.0835649060204,-71.0197483025314
2738221,2,FALSE,,,Main St and Brookside Ave,,42.0572261309179,-71.01320203679
2738222,2,FALSE,,,Main St and Watson St,,42.0560871346366,-71.0128107711042
2738223,2,FALSE,,,Main St and Holmes St,,42.0552325712218,-71.0124483018012
2738224,2,FALSE,,,Main St and Clifton Ave - CVS,,42.0604141657516,-71.0142355226077
2738225,2,FALSE,,,Main St - Teen Challenge,,42.0598867145515,-71.0140801989608
2738226,2,FALSE,,,Main St and Calmar St,,42.0663377401207,-71.016372931095
2738227,2,FALSE,,,Main St and Nilsson St,,42.0680269577266,-71.0169658681449
2738228,2,FALSE,,,Main St and Maple Ave,,42.0801708229309,-71.0200713133376
2738280,2,FALSE,,,Belmont St and New Arnone School,,42.0796709718404,-71.0241083048382
2740070,1,FALSE,,,Centre St and Ames Rd,,42.087390450433404,-70.9827994393743
2740071,1,FALSE,,,Centre St and Guild Rd,,42.087140932163,-70.9846058551095
2740072,2,FALSE,,,Crescent St and Otis St,,42.0807976096259,-71.0140363977136
2740073,2,FALSE,,,Crescent St and Brockton Day Nursery,,42.0803838944092,-71.0129432168714
2740074,2,FALSE,,,Centre St and Hill St,,42.0847639005012,-70.9994449634259
2740116,2,FALSE,,,St Coleman's School,,42.0802063152655,-71.0061000621133
2740144,0,FALSE,,,Torrey St and Brewster Rd,,42.0730924723903,-71.050229466438
2740145,0,FALSE,,,Easton Industrial Park,,42.0506430101011,-71.0729859698912
2740154,2,FALSE,,,Jehovah's Witness Hall,,42.097304621424,-71.0046255052761
2740249,0,FALSE,,,Park St and Belmont Ave,,42.1201259191834,-71.089176139058
2740250,0,FALSE,,,Park St in front of Blue Hill Nursing Home,,42.1093621595426,-71.0710590071145
2740251,1,FALSE,,,Belair St and Oak St,,42.1008596262412,-71.039187712875
3880713,2,FALSE,,,Oak St at DW Field Park,,42.1014553655062,-71.0419126241617
3880714,2,FALSE,,,Oak St across DW Field Park,,42.1013211947757,-71.0421174018119
799180,5,FALSE,001,,BAT Center,,42.0852906746392,-71.0152682367706
799181,3,FALSE,002,,Commercial St and School St,,42.081719,-71.01537
799182,2,FALSE,003,,School St and Lincoln St,,42.0828828768124,-71.0181431168356
799183,0,FALSE,004,,Main St and Centre St,,42.0840121591972,-71.0197335717583
799184,0,FALSE,005,,Main St and Petronelli Way,,42.0847349812267,-71.0197604785042
799185,0,FALSE,006,,Main St and Court St,,42.0853948918191,-71.0197727263546
799186,2,FALSE,007,,North Main St and Linden St,,42.087573,-71.019367
799187,2,FALSE,008,,North Main St and Rosseter St,,42.089744,-71.019236
799188,2,FALSE,009,,North Main St and Elliot St,,42.090809,-71.019206
799189,2,FALSE,010,,North Main St and Lebanon St,,42.0924163851586,-71.019202927578
799190,2,FALSE,011,,North Main St and East Ashland St,,42.093465,-71.019262
799191,2,FALSE,012,,North Main St and Snow Ave,,42.095372,-71.019224
799193,0,FALSE,014,,North Main St at Edith Stein Church,,42.098792,-71.019798
799194,2,FALSE,015,,North Main St and Vine St,,42.100534,-71.020959
799195,2,FALSE,016,,North Main St and Ames St,,42.101032,-71.021281
799196,2,FALSE,017,,North Main St and Emerson Ave,,42.103378,-71.023247
799197,2,FALSE,018,,North Main St and Field St,,42.104349,-71.024438
799198,2,FALSE,019,,North Main St and Howard St,,42.105229,-71.025602
799199,2,FALSE,020,,North Main St and Snell St,,42.106391,-71.027185
799200,2,FALSE,021,,North Main St and Albion St,,42.107539,-71.028735
799201,2,FALSE,022,,North Main St and Waldo St,,42.110275,-71.0319
799202,2,FALSE,023,,North Main St and Frankton St,,42.110994,-71.032364
799203,2,FALSE,024,,North Main St and Augustine St,,42.112534,-71.033255
799204,2,FALSE,025,,North Main St and Wilder St,,42.113357,-71.033729
799205,0,FALSE,026,,East Main St and Fletcher Rd,,42.115232,-71.034097
799206,0,FALSE,027,,East Main St and Connolly Rd,,42.117005,-71.033673
799207,0,FALSE,028,,East Main St and Lambert Dr,,42.118837,-71.03329
799208,0,FALSE,029,,East Main St and Memorial Dr,,42.122553,-71.034196
799209,0,FALSE,030,,Walmart,,42.1214422409082,-71.0308859358291
799210,2,FALSE,031,,West Main St and South St,,42.119768,-71.039587
799211,0,FALSE,032,,West Main St and Glendower St,,42.119032,-71.039134
799212,2,FALSE,033,,Maguire Road,,42.114852,-71.035167
799213,2,FALSE,034,,West Main St and East Main St,,42.114141,-71.03448
799214,2,FALSE,035,,North Main St and Burkeside Ave,,42.113558,-71.034011
799215,2,FALSE,036,,North Main St and Hillcrest Ave,,42.112796,-71.03353947
799216,2,FALSE,037,,North Main St and Woodland Ave,,42.111338,-71.032729
799217,2,FALSE,038,,North Main St and Manners Ave,,42.109989,-71.03183
799218,2,FALSE,039,,North Main St and Willow St,,42.108845,-71.030605
799219,2,FALSE,040,,North Main St and May Ave,,42.107677,-71.029073
799220,2,FALSE,041,,North Main St and Searles Ave,,42.106686,-71.027753
799221,2,FALSE,042,,North Main St and Martland Ave,,42.106041,-71.026879
799222,2,FALSE,043,,North Main St and Oak St,,42.105026,-71.025551
799223,2,FALSE,044,,North Main St and Herrod Ave,,42.103736,-71.023816
799224,2,FALSE,045,,North Main St and Rutland St,,42.102785,-71.022931
799225,2,FALSE,046,,North Main St and Vine St,,42.100623,-71.021191
799226,2,FALSE,047,,North Main St and Upland Road,,42.09976,-71.020699
799227,2,FALSE,048,,North Main St and Landsdowne St,,42.098914,-71.020206
799228,2,FALSE,050,,North Main St and Division St,,42.096349,-71.019492
799229,2,FALSE,051,,North Main St and Ford St,,42.0945,-71.019388
799230,2,FALSE,052,,North Main St and West Ashland St,,42.09373,-71.01939
799231,2,FALSE,053,,North Main St and Huntington St,,42.092993,-71.019398
799232,2,FALSE,055,,North Main St and Prospect St,,42.091381,-71.01939
799233,2,FALSE,056,,North Main St and Falmouth Ave,,42.090243,-71.019393
799234,2,FALSE,057,,North Main St and Wyman St,,42.08915,-71.019409
799235,2,FALSE,058,,North Main St and Haverhill St,,42.087826,-71.019471
799236,4,TRUE,059,,Linden St and North Montello St,,42.087175,-71.01743
799237,4,TRUE,060,,North Montello St and Court St,,42.085655,-71.017118
799238,2,FALSE,049,,North Main St and Battles St,,42.097242,-71.019708
799239,2,FALSE,054,,North Main St and Farrington St,,42.092439,-71.019383
799240,2,FALSE,070,,Montello St and School St,,42.082463897534,-71.0173192037048
799241,2,FALSE,071,,Crescent St and VFW Pkwy,,42.081337,-71.018722
799242,2,FALSE,072,,Maple Ave and Main St,,42.079955,-71.020206
799243,2,FALSE,073,,Main St and Barlett St,,42.078709,-71.020013
799244,2,FALSE,074,,Main St and Park St,,42.077556,-71.019803
799245,2,FALSE,075,,Main St and Dover St,,42.075168,-71.019388
799246,2,FALSE,076,,Main St and Williams Pl,,42.0740031,-71.019136
799247,2,FALSE,077,,Main St and Forest Ave,,42.073252,-71.018975
799248,2,FALSE,078,,Main St and David St,,42.071044,-71.018323
799249,2,FALSE,079,,Main St and Sheppard St,,42.070039,-71.017907
799250,2,FALSE,080,,Main St and Tribou St,,42.069529,-71.017714
799251,2,FALSE,081,,Main St and Nilsson St,,42.067974,-71.017151
799252,2,FALSE,082,,Main St and Calmar St,,42.066309,-71.016544
799253,2,FALSE,083,,Main St and West Chestnut St,,42.064408,-71.01585
799254,2,FALSE,084,,Main St and South St,,42.063492,-71.015533
799255,2,FALSE,085,,Main St and Lyon St,,42.061632,-71.01486
799256,2,FALSE,086,,Main St and Clifton Ave - CVS,,42.060359,-71.01442
799257,2,FALSE,087,,Main St and Glen Ave,,42.058585,-71.013811
799258,2,FALSE,088,,Campello Hi Rise,,42.0579578284346,-71.0127813571352
799259,2,FALSE,089,,Main St and Brookside Ave,,42.057147,-71.013358
799260,2,FALSE,090,,Main St and Watson St,,42.056014,-71.012937
799261,2,FALSE,091,,Main St and Holmes St,,42.055267,-71.012645
799262,2,FALSE,092,,Main St and Thayer Ave,,42.053937,-71.012103
799263,2,FALSE,093,,Main St and Sylvia Ave,,42.052893,-71.011725
799265,2,FALSE,095,,Kmart Plaza,,42.0453499786211,-71.0119231646958
799267,2,FALSE,097,,Main St at Auto Dealers,,42.0449092722378,-71.0098217824155
799268,2,FALSE,098,,Main St at Wendys,,42.047611,-71.010574
799270,2,FALSE,100,,Main St and Sargeants Way,,42.053238,-71.011655
799271,2,FALSE,101,,Main St and Meadow Ln,,42.054194,-71.01206
799272,2,FALSE,102,,Main St and Garfield St,,42.061618,-71.01468
799273,2,FALSE,103,,Main St and Perkins Ave,,42.063567,-71.015388
799274,2,FALSE,104,,Main St and East Chestnut St,,42.064423,-71.0157
799275,2,FALSE,105,,Main St and Pinkham St,,42.065531,-71.016115
799276,2,FALSE,106,,Main St and Grand St,,42.068892,-71.017309
799277,2,FALSE,107,,Main St and Temple St,,42.069752,-71.017604
799278,2,FALSE,108,,Main St and Grove St,,42.070395,-71.017888
799279,2,FALSE,109,,Main St and Hancock St,,42.071295,-71.018266
799280,2,FALSE,110,,Main St and Main St Pl,,42.071888,-71.01847
799281,2,FALSE,111,,Packard St,,42.072762,-71.018688
799282,2,FALSE,112,,Main St and Union St,,42.073851,-71.018934
799283,2,FALSE,113,,Main St and Exchange St,,42.075585,-71.019307
799284,2,FALSE,114,,Main St and Lawrence St,,42.077101999999996,-71.019573
799285,2,FALSE,115,,Main St and Allen St,,42.078402,-71.019798
799286,2,FALSE,116,,Main St and White Ave,,42.0794503387212,-71.0199437330937
799287,2,FALSE,117,,Main St and West Elm St,,42.082314,-71.019967
799288,2,FALSE,118,,Centre Street and Montello Street,,42.083911,-71.01725
799290,2,FALSE,131,,Belmont St and Elm Ave,,42.078351,-71.030792
799291,2,FALSE,132,,Belmont St and Belmont Ave,,42.078122,-71.032174
799292,2,FALSE,133,,Belmont St and Ash St,,42.077676,-71.03433
799293,2,FALSE,134,,Belmont St and Moraine St,,42.076915,-71.036159
799294,2,FALSE,135,,Belmont St and Thurber Ave,,42.0766331,-71.036919
799295,2,FALSE,136,,Belmont St and Kenelworth Ave,,42.076328,-71.037678
799296,2,FALSE,137,,Torrey St and Belmont Pl,,42.075701,-71.039188
799297,2,FALSE,138,,Torrey St and West St,,42.074532,-71.042549
799298,2,FALSE,139,,West St and Belmont St,,42.073549,-71.042742
799300,2,FALSE,141,,Shaws West Plaza,,42.072073,-71.045386
799301,2,FALSE,142,,Brockton High School,,42.0700284031724,-71.046818708004
799303,2,FALSE,144,,Belmont St and Torrey Ave,,42.068266,-71.049562
799304,2,FALSE,145,,Belmont St and Lorraine Ave,,42.067653,-71.050753
799305,2,FALSE,146,,Belmont St and Edinboro Ave,,42.065726,-71.054007
799306,2,FALSE,147,,Veterans Hospital,,42.063336,-71.054114
799307,3,FALSE,148,,Legion Parkway and Main St,,42.084186,-71.020026
799308,3,FALSE,149,,Legion Parkway and Warren Ave,,42.084006,-71.022818
799309,2,FALSE,150,,Warren Ave and West Elm St,,42.081994,-71.023003
799310,2,FALSE,151,,Belmont St and Newbury St,,42.079497,-71.025294
799311,2,FALSE,152,,Belmont St and Wall St,,42.07892,-71.027547
799312,2,FALSE,153,,Belmont St and Minot Ave,,42.078578,-71.029475
799313,2,FALSE,154,,DAngelos CVS,,42.069073,-71.048211
799314,2,FALSE,155,,Belmont St at VA Entrance,,42.064961,-71.054913
799315,2,FALSE,156,,Belmont St and Edinboro Ave,,42.065618,-71.053918
799316,2,FALSE,157,,Belmont St and Lorraine Ave,,42.067458,-71.050812
799317,2,FALSE,158,,Belmont St at Dunkin Donuts,,42.068101,-71.049525
799318,2,FALSE,159,,DAngelos CVS Plaza,,42.06872,-71.04853
799319,2,FALSE,160,,Brockton High School,,42.070126,-71.046124
799320,2,FALSE,161,,Torrey St at Shaws Plaza,,42.074042,-71.044735
799321,2,FALSE,162,,Torrey St and West St,,42.074347,-71.042956
799322,2,FALSE,163,,Belmont St at Bat Shelter,,42.075585,-71.039196
799323,2,FALSE,164,,Belmont St at Fairgrounds,,42.076398,-71.037179
799324,2,FALSE,165,,Belmont St and Thurber Ave,,42.076597,-71.036688
799325,2,FALSE,166,,Belmont St and Ash St,,42.077642,-71.033936
799326,2,FALSE,167,,Belmont St and Manomet St,,42.07804,-71.03193
799327,2,FALSE,168,,Belmont St and Grafton St,,42.078249,-71.030725
799328,2,FALSE,169,,Belmont St and Minot Ave,,42.078454,-71.029489
799329,2,FALSE,170,,Belmont St and Newbury St,,42.079324,-71.025484
799331,2,FALSE,172,,Belmont St and Cottage St,,42.080195,-71.022033
799332,2,FALSE,173,,Crescent St and Maple Ave,,42.081221,-71.018556
799333,3,FALSE,174,,Commercial St and School St,,42.081628508526,-71.0152442855285
799334,3,FALSE,175,,Commercial St at Centre St,,42.083803,-71.015405
799335,2,FALSE,190,,Pleasant St at Main St,,42.085549,-71.020093
799336,2,FALSE,191,,Pleasant St at Hereford St,,42.0857455644455,-71.022376656782
799337,2,FALSE,192,,Pleasant St and Spring St,,42.0861805789399,-71.0243668446194
799338,2,FALSE,193,,Pleasant St and Oakland Ave,,42.086835,-71.027654
799339,2,FALSE,881,,Pleasant St and Colonial St,,42.087060856172,-71.0286247368948
799340,2,FALSE,195,,Pleasant St and Weston St,,42.087416,-71.030401
799341,2,FALSE,196,,Pleasant St at Ellis St,,42.08772,-71.031888
799342,2,FALSE,197,,Pleasant St at Augusta Ave,,42.088038,-71.033366
799343,2,FALSE,198,,Pleasant St at North Ash St,,42.088466,-71.035401
799344,2,FALSE,199,,Pleasant St and Belair St,,42.088837,-71.037227
799345,2,FALSE,200,,Plesant St and Fields Ave,,42.089164,-71.038657
799346,2,FALSE,201,,Pleasant St and Elmwood Ave,,42.089536,-71.041132
799347,2,FALSE,202,,Pennsylvania Ave,,42.089305,-71.044413
799348,2,FALSE,203,,Pleasant St and West St,,42.088933,-71.046709
799349,2,FALSE,204,,Westgate Lanes,,42.090392,-71.048549
799351,2,FALSE,206,,AC Moore,,42.0921933059529,-71.0514371817188
799352,2,FALSE,873,,Sears and Macys,,42.0961346097034,-71.0506111114311
799353,4,TRUE,207,,Westgate Mall Entrance by Sears,,42.0958330141969,-71.0497527309704
799354,2,FALSE,209,,Campanelli Dr At Self Storage,,42.098043,-71.052344
799355,2,FALSE,210,,Campanelli Dr - Ocean State Job Lot,,42.0994244530579,-71.0524377043686
799356,2,FALSE,211,,Oak St and Chatham West Dr,,42.101723,-71.053122
799358,2,FALSE,889,,Oak St at Pine Estates,,42.1011069869022,-71.0587019816172
799359,2,FALSE,214,,Oak St and Reservoir St,,42.1004338701977,-71.0622486805245
799360,2,FALSE,215,,Good Samaritan Hospital,,42.097939,-71.062515
799361,2,FALSE,216,,Oak St Ext and Reservoir St,,42.100244000000004,-71.063231
799362,2,FALSE,217,,Oak St Ext and Pearl St,,42.099982444724,-71.065448676587
799363,2,FALSE,218,,North Pearl St and Reynolds Hwy,,42.098136,-71.066066
799364,2,FALSE,219,,First Entrance on Pearl St,,42.095093,-71.065256
799365,2,FALSE,220,,Entrance - Melrose on Pearl St,,42.0933422,-71.064838
799366,2,FALSE,221,,Last Entrance on Pearl St,,42.091813,-71.06458
799367,2,FALSE,222,,Pearl St at Braemoor Nursing Home,,42.090101,-71.064398
799368,2,FALSE,223,,Pearl St and Pleasant St,,42.088982,-71.063715
799369,2,FALSE,224,,Pleasant St and Hancock Ave,,42.088872,-71.063135
799370,2,FALSE,225,,Pleasant St and Irving Ave,,42.088589,-71.062016
799371,2,FALSE,226,,Pleasant St and Rockland St,,42.088055,-71.059978
799372,2,FALSE,227,,810 Pleasant St and Gerrys Stand,,42.08750632,-71.0556
799373,2,FALSE,228,,Pleasant St at West Acres Nursing Home,,42.087838,-71.052478
799374,2,FALSE,229,,Pleasant St and Troy St,,42.088155,-71.049874
799375,2,FALSE,230,,Pleasant St and Fern St,,42.088366,-71.048117
799376,2,FALSE,231,,Pleasant St at West St,,42.0888412379078,-71.0456598601189
799377,2,FALSE,232,,Pleasant St at Lennox St,,42.089423,-71.043045
799378,2,FALSE,233,,Pleasant St at Wheeler Ave,,42.089377,-71.040164
799379,2,FALSE,234,,Pleasant St and Morraine St,,42.088768,-71.037337
799380,2,FALSE,235,,Pleasant St at Ash St,,42.088378,-71.035516
799381,2,FALSE,236,,Pleasant St and Belmont Ave,,42.087868,-71.033113
799382,2,FALSE,237,,Pleasant St and Fenway Cir,,42.087486,-71.03131
799383,2,FALSE,238,,Pleasant St and Simmons Ave,,42.087311,-71.030462
799384,2,FALSE,987,,246 Pleasant St,,42.086964,-71.028834
799385,2,FALSE,240,,Pleasant St at Glenwood St,,42.086445,-71.026332
799386,2,FALSE,241,,Pleasant St and Warren Ave,,42.085294,-71.023408
799387,2,FALSE,242,,Warren Ave and Highland St,,42.084126,-71.023151
799388,2,FALSE,243,,Legion Parkway and Paddy Ln,,42.083736,-71.022472
799389,2,FALSE,244,,Legion Parkway and Main St,,42.083953,-71.020157
799390,2,FALSE,245,,Centre St and Montello St,,42.084024,-71.017623
799391,2,FALSE,061,,Crescent St and Otis St,,42.080574,-71.014021
799392,2,FALSE,062,,Crescent St and Summer St,,42.0802,-71.011902
799394,2,FALSE,064,,Lyman St and Wendell Ave,,42.082247,-71.005513
799395,2,FALSE,065,,Lyman St and Centre St,,42.0835210186973,-71.0049563325062
799396,2,FALSE,066,,Centre St and Kingman St,,42.08411,-71.002873
799397,2,FALSE,067,,East Junior High School,,42.0845238177486,-71.0005862070021
799398,2,FALSE,068,,Centre St and Gladstone St,,42.085237,-70.997069
799399,2,FALSE,069,,Centre St at Plaza,,42.0846,-70.994794
799400,2,FALSE,119,,Centre St and Galen St,,42.085686,-70.994451
799401,2,FALSE,120,,Centre St and Brockton Ave,,42.085933,-70.992831
799402,3,FALSE,121,,Brockton Hospital,,42.0875414986184,-70.9917664123726
799403,2,FALSE,122,,Centre St and Sterling Rd,,42.086262,-70.990323
799404,2,FALSE,123,,Libby St and Centre St,,42.0867478960554,-70.9895188048935
799405,2,FALSE,124,,Libby St and Quincy Ave,,42.088652,-70.989883
799407,2,FALSE,126,,Quincy St at Doctors Building,,42.088097,-70.988035
799408,2,FALSE,127,,Centre St and Guild Rd,,42.087038,-70.984506
799409,2,FALSE,128,,Centre St at Harold St-Ames Rd,,42.087273,-70.982706
799410,2,FALSE,129,,Centre St and Edward St,,42.087649,-70.980337
799411,3,FALSE,176,,Walmart,,42.0958299295889,-70.968377245369
799412,1,FALSE,177,,Brockton Ave at Line,,42.089395,-70.976105
799413,1,FALSE,,,Centre Street and Edward Street,,42.0879375110469,-70.9793968011091
799416,1,FALSE,,,Centre Street and Short Street,,42.088322841638,-70.9782148309468
799417,1,FALSE,987,,Centre St and Bates Rd,,42.087554,-70.981528
799418,1,FALSE,988,,Centre St and Quincy St,,42.086869,-70.986442
799420,1,FALSE,990,,Centre St and Adams St,,42.086049,-70.99281
799421,1,FALSE,991,,Centre St and Prince St,,42.0858989104823,-70.9938837055225
799422,1,FALSE,992,,Centre St and Howland St,,42.085563,-70.995916
799423,1,FALSE,993,,Centre St and Sheridan St,,42.085256,-70.997444
799424,1,FALSE,994,,East Junior High School,,42.0846596759448,-71.0005459744387
799426,1,FALSE,996,,Centre St and Lyman St,,42.0839648638901,-71.0045247450107
799427,1,FALSE,997,,Lyman St and Wendell Ave,,42.082533,-71.005239
799428,1,FALSE,998,,Lyman and Crescent Ave,,42.0804763780331,-71.0080122178292
799429,2,FALSE,999,,Crescent Ave and Plymouth St,,42.080401,-71.012038
799436,1,FALSE,356,,Crescent St and Sprague Ave,,42.080063,-71.007068
799437,1,FALSE,357,,Crescent St and Crescent Ave,,42.0801248458395,-71.0049673830603
799438,1,FALSE,358,,Crescent St and Taylor Ave,,42.080196,-71.002162
799439,1,FALSE,359,,Crescent St and Perry Ave,,42.080232,-71.00051
799440,1,FALSE,360,,Crescent St and Jacob St,,42.080276,-70.998855
799441,1,FALSE,361,,Crescent St and Washington Ave,,42.080361,-70.996852
799442,1,FALSE,362,,Crescent St and Electric Ave,,42.080517,-70.994518
799443,1,FALSE,363,,Crescent Plaza,,42.0808971575358,-70.992194953373
799444,0,FALSE,364,,Caffrey Towers High Rise,,42.0811962597431,-70.9900802711639
799445,1,FALSE,365,,Supreme Donut,,42.081373,-70.988824
799446,1,FALSE,366,,Massasoit Plaza,,42.081522,-70.987593
799447,1,FALSE,367,,Massasoit Road and Thatcher St,,42.0757091911878,-70.9911278773155
799448,2,FALSE,368,,Massasoit College Student Union,,42.0749423859899,-70.9902993535118
799449,2,FALSE,369,,Crescent St and Christos,,42.08172464694,-70.9869015828381
799450,2,FALSE,370,,Crescent St and Eastway Plaza,,42.0813765919194,-70.9895637116394
799451,2,FALSE,371,,Crescent St and Dunham St,,42.080668,-70.994242
799452,2,FALSE,372,,Crescent St and Gladstone St,,42.080465,-70.996144
799453,2,FALSE,373,,Crescent St and Hill St,,42.080401,-70.998517
799454,2,FALSE,374,,Crescent St and Draper St,,42.080347,-71.000457
799455,2,FALSE,375,,Crescent St and Henry St,,42.080306,-71.002189
799456,2,FALSE,376,,Crescent St and Wendell Ave,,42.0802488395991,-71.0046326233976
799457,2,FALSE,377,,Crescent St and Lyman St,,42.080156,-71.007361
799458,0,FALSE,378,,Grove St and Summer St,,42.079008,-71.009804
799459,0,FALSE,379,,Grove St and Lawrence St,,42.077578,-71.011322
799460,0,FALSE,380,,Lawrence St and Otis St,,42.077089,-71.012384
799461,0,FALSE,373,,Perkins St and Lawrence St,,42.077158,-71.015533
799462,0,FALSE,382,,Perkins St and Middle St,,42.078669,-71.015576
799463,0,FALSE,383,,Perkins St and Crescent St,,42.0807250138914,-71.0155001079693
799464,1,FALSE,400,,Warren Ave and Belmont St,,42.079578,-71.022575
799465,1,FALSE,401,,Warren Ave and West Park St,,42.076863,-71.022049
799466,1,FALSE,402,,Warren Ave and Harvard St,,42.075889,-71.021896
799467,1,FALSE,403,,Warren Ave and Dover St,,42.075176,-71.021752
799468,1,FALSE,404,,Warren Ave and Foster St,,42.073353,-71.021459
799469,1,FALSE,405,,Warren Ave and Florence St,,42.071808,-71.021194
799470,1,FALSE,406,,Warren Ave and Myrtle St,,42.070642,-71.021012
799471,1,FALSE,407,,Warren Ave and Menlo St,,42.069215,-71.020754
799472,1,FALSE,408,,Warren Ave and Tribou St,,42.068187,-71.020517
799473,1,FALSE,409,,Warren Ave and Hillberg Ave,,42.066898,-71.020223
799474,1,FALSE,410,,Warren Ave and Calmar St,,42.065412,-71.019874
799475,1,FALSE,411,,Warren Ave and Tremont St,,42.06451,-71.019665
799476,1,FALSE,412,,Warren Ave and West Chestnut St,,42.063609,-71.019435
799477,1,FALSE,413,,Warren Ave and Leach Ave,,42.061513,-71.018522
799478,1,FALSE,414,,Warren Ave and Clifton St,,42.059815,-71.017578
799479,1,FALSE,415,,Plain St and Montello St Ext,,42.0604,-71.013171
799480,2,FALSE,416,,Plain St and Campello Hi Rise,,42.0595251633335,-71.0116204576721
799481,1,FALSE,417,,Otto St and Summer St,,42.058416,-71.006725
799482,1,FALSE,418,,Summer St and South Leyden St,,42.059205,-71.006497
799483,1,FALSE,419,,Summer St at Factory,,42.0613670692314,-71.0044996736107
799484,2,FALSE,420,,Summer St and Perkins Ave,,42.062962,-71.00377
799485,1,FALSE,421,,Summer St and Baker St,,42.064476,-71.000599
799486,1,FALSE,422,,Summer St and Carl Ave,,42.0645450437675,-71.0000972331352
799487,1,FALSE,423,,Carl Ave and Bristol Ave,,42.063588,-70.999465
799488,1,FALSE,424,,Carl Ave and Litch Field,,42.0628900391571,-70.9991089386577
799489,1,FALSE,425,,Carl Ave and Atherton St,,42.061827,-70.998521
799490,1,FALSE,426,,Carl Ave and Southfield Dr,,42.0591808883988,-70.9972949705696
799492,1,FALSE,428,,Carl Ave and Plain St,,42.0535196553416,-70.9974953730164
799494,1,FALSE,430,,Plain St and Cushing Rd,,42.052047,-70.993789
799495,1,FALSE,431,,East St and Plain St,,42.05145,-70.991402
799498,1,FALSE,434,,East St and Southfield Dr,,42.060228,-70.990954
799499,1,FALSE,435,,East St and Hopkins Rd,,42.062116,-70.991115
799500,1,FALSE,436,,East St and Buckland Dr,,42.064008,-70.991718
799501,2,FALSE,437,,Edson St and East St,,42.067052,-70.994631
799502,2,FALSE,438,,Edson St and Wallace St,,42.065332,-70.998625
799503,2,FALSE,439,,Summer St and Snell Dr,,42.063926,-71.002018
799504,2,FALSE,440,,Summer St and Coral St,,42.0613730173079,-71.0046362331352
799505,2,FALSE,441,,Summer St and South Leyden St,,42.0591686652431,-71.0066472073402
799506,2,FALSE,442,,Otto St and Auburn St,,42.058135,-71.007278
799507,2,FALSE,443,,Campello MBTA Station,,42.059633,-71.011505
799508,2,FALSE,444,,Keith Ave and Main St,,42.060965,-71.015215
799509,2,FALSE,445,,Keith Ave and Warren Ave,,42.060451,-71.017841
799510,2,FALSE,446,,Warren Ave and Rutland Sq,,42.061098,-71.018197
799511,2,FALSE,447,,Warren St and Wilkins Pl,,42.0615679567009,-71.0183966502972
799512,2,FALSE,448,,Warren and Nilsson St,,42.0674728496412,-71.0202114318771
799513,2,FALSE,449,,Warren Ave and Sheppard St,,42.0692032403078,-71.0205928981476
799514,2,FALSE,450,,Warren Ave and David St,,42.070578339863,-71.0208004171619
799515,2,FALSE,451,,Warren Ave and Central Sq,,42.0733001986301,-71.0212844404755
799516,2,FALSE,452,,Warren Ave and Winthrop St,,42.076391,-71.021829
799517,2,FALSE,453,,Warren Ave and Belmont St,,42.079729,-71.02254
799518,2,FALSE,454,,Main St and Crescent St,,42.081168,-71.020088
799519,0,FALSE,460,,West Elm St and Goddard Rd,,42.082029,-71.024375
799520,0,FALSE,461,,West Elm St and Newbury St,,42.081873,-71.026137
799521,0,FALSE,462,,West Elm St and North Arlington St,,42.081662,-71.027878
799522,0,FALSE,463,,West Elm St and Carleton-Brett St,,42.081481,-71.029675
799523,0,FALSE,511,,West Elm St and Brett St,,42.081447,-71.029501
799524,0,FALSE,465,,West Elm St and Belmont Ave,,42.0811148238222,-71.033204728836
799525,0,FALSE,466,,West Elm St and Ash St,,42.0809657405084,-71.034409
799526,0,FALSE,467,,West Elm St and Auna Dr,,42.080337,-71.039012
799527,0,FALSE,468,,West Elm St and West St,,42.079736815415004,-71.0434351079693
799528,0,FALSE,469,,West St at West Jr High School,,42.078976,-71.044134
799529,0,FALSE,470,,West St at Plaza,,42.076102,-71.043507
799530,0,FALSE,471,,Torrey St at Plaza,,42.0747560816652,-71.0429469153443
799531,0,FALSE,472,,Torrey St at Bethel Medical,,42.073726,-71.046916
799532,0,FALSE,473,,Torrey St and Brewster Rd,,42.073134,-71.050309
799533,0,FALSE,474,,Torrey St and Braemore Rd,,42.072584,-71.053509
799534,0,FALSE,475,,Torrey St and Pondview Cir,,42.072201793166,-71.055845317791
799535,0,FALSE,476,,Torrey St and Rockland St,,42.071449,-71.060126
799536,0,FALSE,477,,Torrey St and Pearl St at Synagogue,,42.070864,-71.064131
799537,0,FALSE,478,,Pearl St and Westfield Dr,,42.068293,-71.0650559153443
799538,0,FALSE,479,,Pearl St and Almon Ave,,42.067244,-71.06516
799539,0,FALSE,480,,Pearl St and Conant Dr,,42.064295,-71.065563
799540,0,FALSE,481,,Pearl St and Tiffany Dr,,42.062812,-71.065769
799541,0,FALSE,482,,Pearl St and Belmont St,,42.0594300057994,-71.0663701104507
799542,0,FALSE,483,,Belmont St at Plaza,,42.058518,-71.068047000000007
799543,0,FALSE,484,,Belmont St at Easton Town Line,,42.056814,-71.070678
799544,0,FALSE,485,,Belmont St at Stonehill College,,42.054902,-71.073558
799545,0,FALSE,486,,Bristol Dr and Belmont St,,42.051972,-71.076643
799546,0,FALSE,487,,Bristol Dr and Norfolk Ave,,42.049903,-71.075621
799548,0,FALSE,,,Pearl Street & Belmont Street,,42.0597416719744,-71.0663498247907
799549,0,FALSE,490,,Belmont St and Stonehill College,,42.054695,-71.073752
799550,0,FALSE,491,,Belmont St and Williamsburg Sq,,42.057333,-71.069779
799551,0,FALSE,492,,West Chestnut St and Pearl St,,42.0532117103087,-71.0662480552254
799553,0,FALSE,494,,West Chestnut St and Liberty St,,42.0538462525628,-71.061477953373
799554,0,FALSE,495,,110 Liberty Street Shelter,,42.0576168506285,-71.0629532159386
799555,0,FALSE,496,,Pearl St and Belmont St,,42.060573,-71.065962
799556,0,FALSE,497,,Pearl St and Westlea Ter,,42.06314,-71.065689
799557,0,FALSE,498,,Pearl St and College Dr,,42.064194,-71.065547
799558,0,FALSE,499,,Pearl St and Calbert Road,,42.065599,-71.065346
799559,0,FALSE,500,,Pearl St and Mayotte Circle,,42.0678910177167,-71.0649937202377
799560,0,FALSE,501,,Pearl St and Richard St,,42.069428,-71.064908
799561,0,FALSE,502,,Torrey St and Greenbriar Rd,,42.071234,-71.061309
799563,0,FALSE,504,,Torrey St and Rockford St,,42.072138,-71.055829
799564,0,FALSE,505,,Torrey St and Bigney St,,42.072546,-71.053199
799565,0,FALSE,506,,Torrey St and Harwich Rd,,42.073597,-71.047041
799566,0,FALSE,507,,Torrey Street and Shaws Plaza,,42.0741266922041,-71.0449445975532
799567,0,FALSE,508,,West St and Neubert St,,42.076717,-71.043611
799568,0,FALSE,509,,W Elm Street and Morse Avenue,,42.0796551661018,-71.0433026650123
799569,0,FALSE,510,,West Elm St and Doris Ave,,42.08029,-71.038864
799571,0,FALSE,512,,West Elm St and Arlington St,,42.08171,-71.027255
799572,0,FALSE,513,,West Elm St and Warren Ave,,42.0819722046153,-71.0241225423279
799574,2,FALSE,520,,Court St and Hunt St,,42.086291,-71.012251
799575,2,FALSE,521,,Court St and Manchester St,,42.086536,-71.01051
799576,2,FALSE,522,,Court St and Tyler St,,42.086741,-71.009073
799577,2,FALSE,523,,Court St and Albert Ave,,42.086938,-71.007579
799578,2,FALSE,524,,Court St and Rufus St,,42.087157,-71.005908
799579,2,FALSE,525,,Court St and Cary St,,42.087575,-71.004435
799580,2,FALSE,526,,Court St and Rainville St,,42.08809,-71.003891
799581,2,FALSE,527,,Court St and Ida Ave,,42.089571,-71.002354
799582,2,FALSE,528,,Court St and Kathleen Rd,,42.090339,-71.001426
799583,2,FALSE,529,,Court St and Pontiac Rd,,42.091868,-70.998097
799584,2,FALSE,530,,Court St and Mildred Rd,,42.092553,-70.996576
799585,2,FALSE,531,,Court St at Cardinal Spellman,,42.093856,-70.993554
799586,2,FALSE,532,,Court St and Deed Cir,,42.09453,-70.991937
799587,2,FALSE,533,,Court St and Quincy St,,42.095282,-70.989898
799589,2,FALSE,535,,North Quincy St and Regent Rd,,42.098046,-70.990241
799590,2,FALSE,536,,North Quincy St and East Ashland St,,42.098864,-70.990504
799591,2,FALSE,537,,North Quincy St and Anne Marie Dr,,42.100275,-70.990984
799592,2,FALSE,538,,North Quincy St and Rosemary St,,42.101503,-70.991413
799593,2,FALSE,539,,North Quincy St and VFW Rd,,42.104977,-70.992312
799595,2,FALSE,541,,North Quincy St and Maplewood,,42.107501,-70.995656
799596,2,FALSE,542,,North Quincy St and Pratt St,,42.10995,-70.998150999999993
799597,2,FALSE,543,,North Quincy St and Armiston St,,42.110969,-70.998365
799598,2,FALSE,544,,North Quincy St and Hovendon Ave,,42.11656,-71.000071
799599,2,FALSE,545,,Hovendon Ave and Kevin Rd,,42.116445,-71.001048
799600,2,FALSE,546,,Hovendon Ave and Elsie Rd,,42.116685,-71.004352
799601,2,FALSE,547,,Hovendon Ave and Lynn Rd,,42.116451,-71.005492
799602,2,FALSE,548,,Hovendon Ave and Sully Rd,,42.115806,-71.006978
799603,2,FALSE,549,,Hovendon Ave and Belcher St,,42.114294,-71.009926
799604,2,FALSE,550,,Hovendon Ave and Haskell St,,42.113042,-71.012654
799605,2,FALSE,551,,Hovendon Ave and Jordan St,,42.112201,-71.014507
799606,2,FALSE,552,,Hovendon Ave and Bonney St,,42.111245,-71.016449
799607,2,FALSE,553,,Hovendon Ave and Sprague St,,42.110666,-71.017624
799608,2,FALSE,554,,Hovendon Ave and Angerer Ave,,42.109729,-71.019145
799609,2,FALSE,555,,Field St and Spark St,,42.106414,-71.020056
799610,2,FALSE,556,,MBTA Montello Station,,42.1066069966931,-71.020649095562
799611,2,FALSE,557,,Spark St and Cameron Cooper St,,42.107121,-71.021001
799612,2,FALSE,558,,Spark St and Sylvan St,,42.108169,-71.021768
799613,2,FALSE,559,,Howard St and Winter St,,42.109636,-71.022586
799614,2,FALSE,560,,Howard St and Claremont Ct,,42.111232,-71.023002
799615,2,FALSE,561,,Howard St and Chisholm Ave,,42.112276,-71.023275
799616,2,FALSE,562,,449 Howard Street,,42.117077,-71.019453
799617,2,FALSE,563,,Howard St at Eisenhower Estates,,42.117972,-71.017976
799622,2,FALSE,568,,North Quincy St and Jon Dr,,42.118735,-71.000471
799623,2,FALSE,569,,North Quincy St and Brookfield Dr,,42.117903,-71.000243
799625,2,FALSE,571,,North Quincy St at St Nick Church,,42.114302,-70.999352
799627,2,FALSE,573,,North Quincy St and Christopher Rd,,42.111208,-70.998572
799628,2,FALSE,574,,North Quincy St and Bedford St,,42.110595000000004,-70.998406
799667,2,FALSE,619,,Crosby Gardens,,42.1055619598394,-71.0161560380287
799683,2,FALSE,635,,Coe Rd and Upton St,,42.102471,-71.001995
799684,2,FALSE,636,,Coe Rd and Norwich Rd,,42.102926,-70.998808
799685,2,FALSE,637,,Coe Rd and Alphonse Rd,,42.103029,-70.998076
799686,2,FALSE,638,,Alphonse Rd and Annella Rd,,42.101847,-70.997279
799687,2,FALSE,639,,Alphonse Rd and Waleco Rd,,42.101238,-70.997054
799688,2,FALSE,640,,Colgate Rd and Nicholson Dr,,42.099475,-70.997877
799689,2,FALSE,641,,Colgate Rd and East Ashland St,,42.098267,-70.997762
799690,2,FALSE,642,,East Ashland St and Bishop St,,42.098012,-70.999594
799691,2,FALSE,643,,East Ashland St and Eastfield Dr,,42.097584,-71.001949
799692,2,FALSE,644,,East Ashland St and Thayer St,,42.0971921933022,-71.0055363614311
799693,2,FALSE,645,,East Ashland St and North Cary St,,42.096507,-71.008091
799698,2,FALSE,650,,North Montello St and Lebanon St,,42.092272,-71.017508
799699,2,FALSE,651,,North Montello St and Elliot St,,42.090383,-71.017479
799700,2,FALSE,652,,North Montello St and Charles St,,42.088673,-71.017436
799701,2,FALSE,660,,West Main St and Bows Ln,,42.115834,-71.036156
799702,2,FALSE,661,,West Main St and Maple Ave,,42.116372,-71.036842
799703,2,FALSE,662,,West Main St and Oak St,,42.11784,-71.038312
799704,2,FALSE,663,,West Main St and Glendower St,,42.118938,-71.038983
799705,2,FALSE,664,,West Main St and School St,,42.119993,-71.039599
799706,2,FALSE,665,,West Main St and Dawson St,,42.120844,-71.040082
799707,2,FALSE,666,,West Main St and Everett St,,42.121441,-71.040442
799708,2,FALSE,667,,West Main St and West Spring St,,42.123466,-71.041182
799709,2,FALSE,668,,West Main St and Gill St,,42.124513,-71.041391
799710,2,FALSE,669,,West Main St and Rock St,,42.126772,-71.041622
799711,2,FALSE,670,,West Main St and Bartlett St,,42.129506,-71.041815
799713,2,FALSE,672,,East Main St and East High St,,42.132801,-71.039787
799714,2,FALSE,673,,South Main St and Acorn Dr,,42.137699,-71.039955
799715,2,FALSE,674,,South Main St and Karen Dr,,42.141293,-71.040451
799716,2,FALSE,675,,South Main St and Frederickson Dr,,42.142017,-71.040657
799717,2,FALSE,676,,South Main St and Woodlawn Rd,,42.143684,-71.04113
799718,2,FALSE,677,,South Main St and Centre St,,42.144505,-71.041405
799719,2,FALSE,678,,South Main St and Selwyn Rd,,42.148041,-71.04303
799720,2,FALSE,679,,South Main St and Woodland Pkwy,,42.150211,-71.043953
799721,2,FALSE,680,,South Main St and Richard Rd,,42.151684,-71.044319
799722,2,FALSE,681,,South Main St and Terry Dr,,42.156076,-71.044369
799723,2,FALSE,682,,South Main St and Darrell Dr,,42.156837,-71.043991
799724,2,FALSE,683,,South Main St and Maple St,,42.159412,-71.042923
799725,2,FALSE,684,,Randolph Square,,42.162032,-71.041522
799779,2,FALSE,738,,Ashmont Station,,42.2844370483635,-71.0640851643486
799780,2,FALSE,739,,Dorchester Ave and Fuller St,,42.284096,-71.064836
799781,2,FALSE,740,,Dorchester Ave and Mercier St,,42.282883,-71.065164
799782,2,FALSE,741,,Dorchester Ave and Hurlcroft Ave,,42.282087,-71.065384
799783,2,FALSE,742,,Dorchester Ave and Galivan Blvd,,42.280029999999996,-71.065961
799784,2,FALSE,743,,Dorchester Ave and Valley Rd,,42.2781,-71.066503
799785,2,FALSE,744,,Dorchester Ave and St Gregory St,,42.275599,-71.067232
799786,2,FALSE,745,,Dorchester Ave and Mother Julia Rd,,42.274653,-71.067509
799787,2,FALSE,746,,Dorchester Ave and Richmond St,,42.273989,-71.067659
799788,2,FALSE,747,,Dorchester Ave and Washington St,,42.272316000000004,-71.068083
799789,2,FALSE,748,,River St and Wichita Ter,,42.272074,-71.070641
799790,2,FALSE,749,,River St and Temple St,,42.271907,-71.072003
799791,2,FALSE,750,,Central Ave and River St,,42.271158,-71.073628
799792,2,FALSE,751,,Central Ave and Maple St,,42.268942,-71.073742
799793,2,FALSE,752,,Central Ave and Griggs Ln,,42.267503,-71.075935
799794,2,FALSE,753,,Central Ave and Valley Rd,,42.265971,-71.077188
799795,2,FALSE,754,,Central Ave and Columbine Rd,,42.264533,-71.078279
799796,2,FALSE,755,,Central Ave and Allerton Rd,,42.260355,-71.080741
799797,2,FALSE,756,,Central Ave and Russelwood Rd,,42.259724,-71.080897
799798,2,FALSE,757,,Central Ave and Brook Rd,,42.258539,-71.081176
799799,2,FALSE,758,,Reedsdale Rd and Central Ave,,42.257866,-71.080988
799800,2,FALSE,759,,Reedsdale Rd and Walnut St,,42.255823,-71.078944
799801,2,FALSE,760,,Reedsdale Rd & Canton Ave,,42.254606,-71.077684
799802,2,FALSE,761,,Reedsdale Rd and Spafford St,,42.250903,-71.073784
799803,2,FALSE,762,,Reedsdale Rd and Buckingham Rd,,42.250347,-71.073183
799804,2,FALSE,763,,Reedsdale Rd and Martin Rd,,42.249327,-71.072081
799806,2,FALSE,765,,Randolph Ave and Pleasant St,,42.245322,-71.069447
799807,2,FALSE,766,,Randolph Ave and Reed St,,42.242906,-71.069527
799808,2,FALSE,767,,Randolph Ave and Highland St,,42.240551,-71.069605
799809,2,FALSE,768,,Randolph Ave and Hallen St,,42.23864,-71.069669
799810,2,FALSE,769,,Randolph Ave and Hillside St,,42.23132,-71.071136
799811,2,FALSE,770,,Randolph Ave and Chickatawbut Rd,,42.224309,-71.070774
799812,2,FALSE,771,,North Main St and Scanlon Dr,,42.201247,-71.062848
799813,2,FALSE,772,,North Main St and Soren St,,42.198698,-71.061676
799814,2,FALSE,773,,North Main St and Hills St,,42.197384,-71.061263
799815,2,FALSE,774,,North Main St and Waldo St,,42.196077,-71.06099
799816,2,FALSE,775,,North Main St and Royal St,,42.193487,-71.060225
799817,2,FALSE,776,,North Main St and Reed St,,42.191727,-71.059528
799818,2,FALSE,777,,North Main St and Intervale Rd,,42.189644,-71.058128
799819,2,FALSE,778,,North Main St and Gordon St,,42.188318,-71.057221
799820,2,FALSE,779,,North Main St and Chestnut St,,42.184815,-71.054837
799821,2,FALSE,780,,North Main St and Vesey Rd,,42.177809,-71.050312
799822,2,FALSE,781,,North Main St and Grove St,,42.174511,-71.048472
799823,2,FALSE,782,,North Main St and Jasper Ln,,42.17331,-71.047858
799824,2,FALSE,783,,North Main St and Nelson Dr,,42.17071,-71.04657
799825,2,FALSE,784,,North Main St and West St,,42.169161,-71.045613
799826,2,FALSE,785,,North Main St and Depot St,,42.166917,-71.044215
799827,2,FALSE,786,,North Main St and Warren St,,42.165917,-71.043617
799828,2,FALSE,787,,North Main St and Diauto Dr,,42.164677,-71.042847
799829,2,FALSE,788,,North Main St and Memorial Pkwy,,42.16349,-71.042107
799830,2,FALSE,789,,North Main St and Turner Ln,,42.162869,-71.041723
799831,2,FALSE,790,,Randolph Square,,42.162293,-71.041597
799832,2,FALSE,791,,South Main St and Elgin Ct,,42.159758,-71.042968
799833,2,FALSE,792,,South Main St and Woodlawn St,,42.158604,-71.043499
799834,2,FALSE,793,,South Main St and Fairview Ave,,42.157038,-71.044124
799836,2,FALSE,795,,South Main St and Fitch Ter,,42.153375,-71.045202
799837,2,FALSE,796,,South Main St and Stoughton St,,42.150492,-71.044261
799838,2,FALSE,797,,South Main St and Selwyn Rd,,42.148123,-71.043346
799839,2,FALSE,798,,South Main St and Summit Rd,,42.141296,-71.040667
799840,2,FALSE,799,,South Main St and Langley Rd,,42.137243,-71.040184
799841,2,FALSE,,,South Main St and High St,,42.132739,-71.040063
799842,2,FALSE,801,,West Main St and Pratt St,,42.131532,-71.040924
799843,2,FALSE,802,,West Main St and Pond St,,42.128813,-71.042024
799844,2,FALSE,803,,West Main St and Feely St,,42.125751,-71.041632
799845,2,FALSE,804,,West Main St and Lisa Ln,,42.124377,-71.041466
799846,2,FALSE,805,,West Main St and Avon Pl,,42.122847,-71.041152
799847,2,FALSE,806,,West Main St and Klondike Rd,,42.121112,-71.040404
799848,2,FALSE,807,,West Main St and Nichols Ave,,42.117571,-71.038287
799853,1,FALSE,984,,Oak St and Chatham West Dr,,42.101678,-71.050392
799854,1,FALSE,985,,Oak St and Oak Lane,,42.101688,-71.048139
799855,1,FALSE,,,Oak Street at Fuller Art Museum,,42.101545,-71.045116
799856,1,FALSE,986,,Oak St across DW Field Golf Course,,42.101206,-71.040553
799857,1,FALSE,,,Belair Street and Tucker Drive,,42.099274,-71.038937
799858,1,FALSE,819,,Belair St at Anne Ave,,42.098046,-71.038743
799859,0,FALSE,820,,Belair St at Earle St,,42.0933700820922,-71.037860682209
799861,1,FALSE,822,,Sullivan Towers,,42.0945512097504,-71.0397064920654
799863,1,FALSE,,,Colonel Bell Drive and Belair Street,,42.090788447782,-71.0374680273081
799876,2,FALSE,837,,Stop and Shop Plaza,,42.0712797310908,-71.0469293263893
799903,2,FALSE,979,,Good Samaritan Rd at Oak St,,42.099745,-71.062384
799905,2,FALSE,866,,"WalMart (Oak St, Brockton)",,42.0984520253504,-71.0560413779793
799906,0,FALSE,867,,Campanelli Dr at Ocean State Job Lot,,42.099334,-71.052589
799908,0,FALSE,869,,Westgate Dr at Westgate Dialysis,,42.096508,-71.054561
799913,2,FALSE,250,,North Main St and Court St,,42.085731,-71.019794
799914,2,FALSE,251,,Spring St and North Main St,,42.08691,-71.019906
799915,2,FALSE,252,,Spring St and Walnut St,,42.086655,-71.022189
799916,2,FALSE,253,,North Warren Ave and Spring St,,42.08656,-71.023689
799917,2,FALSE,254,,North Warren Ave and Wyman St,,42.089062,-71.024603
799918,2,FALSE,255,,North Warren Ave and Walnut Ave,,42.089949,-71.024935
799919,2,FALSE,256,,North Warren Ave and Prospect St,,42.09108,-71.025338
799920,2,FALSE,257,,North Warren Ave and Hunnington St,,42.092672,-71.026011
799921,2,FALSE,258,,North Warren Ave and Ford St,,42.094,-71.026539
799922,2,FALSE,259,,North Warren Ave and Richmond St,,42.095956,-71.027363
799923,2,FALSE,260,,North Warren Ave and Battles St,,42.097399,-71.027977
799929,2,FALSE,266,,Oak St and Colantha Ave,,42.101027,-71.036745
799930,2,FALSE,817,,Oak Street at DW Field Golf Course,,42.101321,-71.040381
799931,2,FALSE,268,,Fuller Art Museum,,42.101658,-71.044977
799932,2,FALSE,269,,Greek Orthodox Church,,42.101815,-71.048212
799933,2,FALSE,270,,Oak St and Chatham West Dr,,42.101785,-71.050234
799934,2,FALSE,271,,Campanelli Dr and Oak St,,42.101515,-71.052879
799935,2,FALSE,272,,Campanelli Dr at Auto Zone Warehouse,,42.09839,-71.052514
799936,2,FALSE,273,,Westgate Dr at Dentist Building,,42.093236,-71.055033
799937,2,FALSE,274,,Oak St and Oakridge Dr,,42.100938,-71.037579
799943,2,FALSE,280,,North Warren Ave at Richmond St,,42.09604,-71.027505
799944,2,FALSE,281,,North Warren Ave at Ford St,,42.093972,-71.026633
799945,2,FALSE,282,,North Warren Ave at Prospect St,,42.091082,-71.025475
799946,2,FALSE,283,,North Warren Ave at Milton St,,42.089915,-71.025029
799947,2,FALSE,284,,North Warren Ave across from Wyman St,,42.08905,-71.024697
799948,2,FALSE,285,,North Warren Ave at Spring St,,42.086349,-71.023726
799949,0,FALSE,880,,Pleasant St at Glenwood St,,42.086557,-71.026274
799957,0,FALSE,888,,Oak St at Madrid Sq,,42.101513,-71.054743
799958,0,FALSE,889,,Oak Street at Pines Estates,,42.1009496192019,-71.0586907106951
799964,0,FALSE,895,,North Pearl St at Canterbury Arms Apts,,42.100669,-71.066845
799965,0,FALSE,896,,Park St at Brockton-Stoughton Line,,42.101779,-71.067296
799966,0,FALSE,897,,Park St at Our Lady of Rosary Church,,42.103246,-71.067988
799967,0,FALSE,898,,1256 Park St,,42.103958,-71.068368
799968,0,FALSE,899,,Park St in front of Trailer Park,,42.105304,-71.06898
799969,0,FALSE,900,,Park St in front of Blue Hill Nursing Home,,42.109381,-71.070903
799970,0,FALSE,901,,Park St - Medical Building,,42.11123,-71.072665
799971,0,FALSE,902,,Park St at Tenth Ave,,42.112143,-71.074288
799972,0,FALSE,903,,Park St across from Ash St,,42.113538,-71.077365
799974,0,FALSE,905,,Park St at William Kelly Rd,,42.118335,-71.084585
799975,0,FALSE,906,,Park St opposite Haynes Rd,,42.119514,-71.085948
799977,0,FALSE,908,,Park St across from Bobs Plaza,,42.1205223220766,-71.0917951529287
799978,0,FALSE,909,,Park St and Leach St,,42.12109,-71.094155
799979,0,FALSE,910,,Park St and Sumner St at Park Ave,,42.121625,-71.096191
799980,0,FALSE,911,,Park St at Walnut (Library),,42.122616,-71.099281
799981,0,FALSE,912,,Stoughton Center,,42.1257390373584,-71.1020649447746
799982,0,FALSE,913,,Washington St at Peoples Savings Bank,,42.12725,-71.101929
799983,0,FALSE,914,,Washington St at Lincoln St (Friendlys),,42.129095,-71.101781
799984,0,FALSE,915,,Washington St at Warren Ave,,42.132127,-71.101663
799985,0,FALSE,916,,Washington St at Car Wash,,42.133274,-71.101649
799986,0,FALSE,917,,Washington St at McDonalds/Dunkin Donuts,,42.134291,-71.101617
799987,0,FALSE,918,,Central St at 1st Cemetery Entrance,,42.135122,-71.103985
799988,0,FALSE,919,,Central St at Temple Ahavath Torah Congregation,,42.134347,-71.107955
799989,0,FALSE,920,,Central St at Pearl St,,42.134008,-71.109693
799990,0,FALSE,921,,Central St at Commercial St,,42.133418,-71.112375
799991,0,FALSE,922,,Central St at Simpson St,,42.132602,-71.115291
799992,0,FALSE,923,,Central St at Station St,,42.132027,-71.117292
799993,0,FALSE,924,,Central St at Brooks St,,42.131331,-71.120889
799994,0,FALSE,925,,Central St at Cushing St,,42.131132,-71.122981
799995,0,FALSE,926,,Central St at Tosca Dr,,42.13089,-71.125253
799997,0,FALSE,928,,Central St at Helen Hansen School,,42.130922,-71.130306
799998,0,FALSE,929,,Central St at Mill St,,42.131878,-71.134243
799999,0,FALSE,930,,Central St at Wheeler Circle,,42.133652,-71.137966
800000,0,FALSE,931,,Central St at Erin Rd,,42.13382,-71.139138
800001,0,FALSE,932,,2139 Central St (DAngelos),,42.134006,-71.141488
800002,0,FALSE,933,,Ethyl Way at West Stoughton Village,,42.13548,-71.144991
800003,0,FALSE,934,,128 Sharon St,,42.137633,-71.14766
800004,0,FALSE,935,,Cobbs Corner (WGM),,42.139869,-71.14518
800005,0,FALSE,936,,Washington St at Osco Drug,,42.139516,-71.148856
800006,0,FALSE,937,,128 Sharon St (across from Friendlys),,42.13779,-71.148392
800007,0,FALSE,938,,Sharon St at West Stoughton Village,,42.135285,-71.144964
800008,0,FALSE,939,,Central St at Charles Circle,,42.134122,-71.142907
800009,0,FALSE,940,,2139 Central St (DAngelos),,42.133899,-71.141622
800010,0,FALSE,941,,Central St at Knollsbrook,,42.133748,-71.139176
800011,0,FALSE,,,Central Street at Stone Ends,,42.133477,-71.137717
800012,0,FALSE,943,,Central St at Lakewood Rd,,42.132178,-71.135601
800013,0,FALSE,944,,Central St at Mill St,,42.131787,-71.134093
800014,0,FALSE,945,,Central St at Helen Hanson School,,42.130994,-71.130655
800016,0,FALSE,947,,Central St at Tosca Drive,,42.130802,-71.126224
800017,0,FALSE,948,,1595 Central St,,42.130872,-71.124496
800018,0,FALSE,949,,Central St at Brook St,,42.131252,-71.120779
800019,0,FALSE,950,,Central St at Evans Dr,,42.131519,-71.119057
800020,0,FALSE,951,,Central St at Station St,,42.131976,-71.117123
800021,0,FALSE,952,,Central St at Simpson St,,42.132578,-71.115036
800022,0,FALSE,,,Central Street opposite  (Court House),,42.133521,-71.111573
800023,0,FALSE,954,,Central St at Pearl St,,42.133833,-71.110018
800024,0,FALSE,955,,Temple Ahavath Torah Congregation,,42.134287,-71.107708
800025,0,FALSE,956,,McCormick Terrace Condo,,42.135053,-71.103838
800026,0,FALSE,957,,Washington St at Walgreens,,42.134925,-71.101808
800027,0,FALSE,958,,Washington St at Phillips Screw,,42.133276,-71.101751
800028,0,FALSE,959,,Washington St at Cumberland Farms,,42.132298,-71.10177
800029,0,FALSE,960,,Washington St at Lincoln St,,42.129093,-71.101976
800030,0,FALSE,,,Washington Street at People's Savings Bank,,42.12725,-71.102095
800031,0,FALSE,962,,Stoughton Center,,42.1257710373619,-71.1022356208668
800032,0,FALSE,963,,Park St at Walnut St,,42.122519,-71.099525
800033,0,FALSE,964,,Park St at Sumner St,,42.12158,-71.096425
800034,0,FALSE,965,,Park St at Leach St,,42.120975,-71.094054
800035,0,FALSE,966,,Park St at Bobs Plaza,,42.120422,-71.091972
800036,0,FALSE,967,,Park St at Belmont Ave,,42.119957,-71.089349
800037,0,FALSE,968,,Park St at William Kelley Rd,,42.118202,-71.08465
800038,0,FALSE,,,Park Street (Medical Building),,42.116789,-71.082992
800039,0,FALSE,970,,Park St at Twinkies,,42.114576,-71.079838
800040,0,FALSE,971,,Park St at Ash St,,42.113345,-71.077276
800041,0,FALSE,972,,Park St at Tenth St,,42.112057,-71.074358
800042,0,FALSE,973,,Park St at Park Med Bldg,,42.111234,-71.072802
800043,0,FALSE,974,,Park St at Noceras,,42.106339,-71.069629
800044,0,FALSE,975,,Park St at Parkview Ave,,42.104051,-71.068573
800045,0,FALSE,976,,Park St at Park Plaza,,42.102029,-71.067666
800055,1,FALSE,,,Pleasant Street and Hereford Street,,42.085616,-71.022422
800056,0,FALSE,,,Rockland Community Center,,42.128608,-70.91521
800057,0,FALSE,,,Ocean State Job Lot,,42.123451,-70.907489
800058,0,FALSE,,,Studley Court,,42.118882,-70.91356
804150,2,FALSE,013,,North Main St and Battles St,,42.0972261446068,-71.0188587949676
807105,2,FALSE,063,,Lyman St and Erie Ave,,42.0807552500921,-71.0075457116394
807106,1,FALSE,995,,Lyman St and Centre St,,42.0835127088384,-71.0050765128975
807107,0,FALSE,,,Torrey Street and Pearl Street at Synagogue,,42.0709655433904,-71.0641122245369
807108,2,FALSE,624,,Stop and Shop Plaza,,42.108795753928,-71.0256771470825
807112,2,FALSE,671,,Avon Square,,42.1319917741194,-71.0400375190144
807886,0,FALSE,,,Stop and Shop and Target 1,,42.109518573612,-70.929623904438
810903,0,FALSE,,,Stop and Shop and Target 2,,42.1107980249403,-70.9272313739967
