"","stop_id","passing_values","frequent_stop","stop_name","geometry","RTA"
"1","2392431",1,FALSE,"UMass Inn and Conference Center",c(215848.191767763, 932572.310485279),"LRTA"
"2","2392432",0,FALSE,"Merrimack St and Palmer St",c(215555.79000931, 932799.816088543),"LRTA"
"3","2392433",1,FALSE,"University Crossing Transit Hub",c(214480.446458825, 933202.89182009),"LRTA"
"4","2392434",1,FALSE,"UMass Lowell North Campus",c(214337.097577501, 933946.02079955),"LRTA"
"5","2581590",2,FALSE,"Middlesex St & Lord Overpass Circle",c(215147.833882927, 932141.436523386),"LRTA"
"6","2583090",1,FALSE,"D'Youville Manor",c(210977.687123402, 932742.757302182),"LRTA"
"7","2729431",0,FALSE,"Broadway St & Walker St",c(213827.098143721, 932422.175544242),"LRTA"
"8","2729432",0,FALSE,"Broadway St & School St",c(214266.266729378, 932509.524513038),"LRTA"
"9","2729433",0,FALSE,"Francis Gate",c(213963.874536452, 932465.23505369),"LRTA"
"10","2729434",1,FALSE,"Market Basket Old Ferry Road",c(211489.937911082, 932376.665154402),"LRTA"
"11","2729436",0,FALSE,"Shedd Park",c(217322.047032441, 931376.32148118),"LRTA"
"12","2729437",0,FALSE,"Chelmsford Center",c(212240.984691258, 927373.041167354),"LRTA"
"13","2730030",1,FALSE,"Wentworth Ave & Andover St",c(217333.231738997, 932507.834862343),"LRTA"
"14","2734160",0,FALSE,"Radisson Hotel",c(212456.999018444, 928039.566656931),"LRTA"
"15","2745399",0,FALSE,"Mt Vernon St & Broadway St",c(214478.863922767, 932557.653090522),"LRTA"
"16","2745401",0,FALSE,"Billerica Business Center",c(217696.900246484, 928453.543816855),"LRTA"
"17","4147995",0,FALSE,"53 Third Ave",c(222585.257507321, 915304.95955592),"LRTA"
"18","4147996",0,FALSE,"53 Third Ave",c(222591.090951493, 915321.292686034),"LRTA"
"19","4147997",0,FALSE,"Outside Mitre Facility",c(222008.80942403, 917366.919710935),"LRTA"
"20","4147998",0,FALSE,"Outside Mitre Facility",c(221988.904683959, 917352.30582563),"LRTA"
"21","800710",0,FALSE,"Ames Pond Corp Park",c(222465.849246315, 932360.425045155),"LRTA"
"22","800711",1,FALSE,"Andover St & Burnham Rd",c(218679.059340012, 932873.931786461),"LRTA"
"23","800713",0,FALSE,"Andover St & Nesmith St",c(216565.064124464, 932424.014925641),"LRTA"
"24","800715",0,FALSE,"Andrews St & Moore St",c(216224.835261527, 930865.066485483),"LRTA"
"25","800725",0,FALSE,"Broadway St & School St",c(214289.770479197, 932524.282700434),"LRTA"
"26","800730",0,FALSE,"Chelmsford St and Westford St",c(215083.965772997, 931900.326851822),"LRTA"
"27","800734",0,FALSE,"Dalton Rd & Steadman St",c(212847.295152428, 928926.917818748),"LRTA"
"28","800741",0,FALSE,"Four Corners",c(208635.098996759, 936803.252105866),"LRTA"
"29","800746",0,FALSE,"Hampton Inn Technology Drive",c(206775.056710056, 924765.315700731),"LRTA"
"30","800750",0,FALSE,"Hildreth St and Bridge St",c(216156.851277794, 933857.874377001),"LRTA"
"31","800755",4,TRUE,"Kennedy Center",c(215218.735775228, 931768.14893841),"LRTA"
"32","800768",1,FALSE,"Mammoth Rd & Woodward Ave",c(213538.808928268, 933483.025078248),"LRTA"
"33","800778",0,FALSE,"Mount Vernon St and Bowers St",c(214284.628748865, 932964.790104455),"LRTA"
"34","800784",0,FALSE,"Pawtucket St & Fletcher St",c(214290.496220396, 933228.642684409),"LRTA"
"35","800788",0,FALSE,"Pollard St & High St",c(218190.407646336, 925388.064306104),"LRTA"
"36","800793",0,FALSE,"224 Littleton Road",c(205681.395255118, 923489.25746228),"LRTA"
"37","800801",0,FALSE,"Shedd Park",c(217307.069303354, 931362.872936515),"LRTA"
"38","800803",0,FALSE,"Chelmsford Cinema",c(214498.790622765, 928951.718121566),"LRTA"
"39","800810",0,FALSE,"Tewksbury Town Hall",c(221858.984923703, 929093.376791252),"LRTA"
"40","800815",0,FALSE,"Tsongas Arena (French St)",c(215276.517211611, 933094.88384538),"LRTA"
"41","800825",1,FALSE,"Wentworth Ave & Andover St",c(217348.945138593, 932494.44516578),"LRTA"
"42","800829",0,FALSE,"Westford Valley Market Place",c(206414.854452741, 924027.034401141),"LRTA"
"43","800833",0,FALSE,"Gorham St and Carlisle St",c(216423.01725174, 928217.556682952),"LRTA"
"44","802637",1,FALSE,"Chelmsford St & Westford St",c(215005.880116733, 931912.470706788),"LRTA"
"45","803702",0,FALSE,"Bedford Springs Apartments",c(221592.023909791, 917921.464667702),"LRTA"
"46","804915",0,FALSE,"Lakeview Ave and Mammoth Road",c(211908.14376539, 936894.81238245),"LRTA"
"47","805127",0,FALSE,"Hampton Inn Technology Drive",c(206766.322767302, 924776.704208631),"LRTA"
"48","805136",0,FALSE,"Dalton Rd & Steadman St",c(212844.143579093, 928912.921881889),"LRTA"
"49","805144",0,FALSE,"LGH & Technology Drive",c(210988.856552268, 930791.379092737),"LRTA"
"50","814366",1,FALSE,"Hannafords Plaza",c(218210.956960528, 930960.377178284),"LRTA"
"51","814367",0,FALSE,"Chelmsford Rd & Boston Rd",c(217007.140693004, 925995.003662078),"LRTA"
"52","814369",0,FALSE,"Main St & Marjorie Rd",c(225591.319165618, 924477.759210538),"LRTA"
"53","814370",0,FALSE,"Mission Rd & Dunstable Rd",c(208364.407752937, 932747.919990783),"LRTA"
"54","814371",0,FALSE,"Chelmsford Arms",c(212348.723759473, 929848.725291889),"LRTA"
"55","814372",0,FALSE,"Billerica Rd & Chelmsford St",c(212252.886303968, 927387.063634244),"LRTA"
"56","814373",0,FALSE,"Marshall's Plaza",c(212408.081602074, 927090.468505674),"LRTA"
"57","814374",0,FALSE,"Nashoba Tech",c(207409.838327067, 924588.003587898),"LRTA"
"58","814375",0,FALSE,"Tyngsboro Rd & Wellman Ave",c(208921.479194325, 932647.614796576),"LRTA"
"59","814376",0,FALSE,"Nashoba Tech",c(207289.040747938, 924548.825034763),"LRTA"
"60","814378",0,FALSE,"Gorham St & Lincoln St",c(215761.035495859, 930806.731807607),"LRTA"
"61","814379",0,FALSE,"Gorham St & London St",c(215760.987564037, 930766.401191431),"LRTA"
"62","814380",0,FALSE,"Chelmsford St & Independence Dr",c(212663.378240976, 928088.319133224),"LRTA"
"63","814381",0,FALSE,"Bridge St & 18th St",c(216118.043205005, 934525.864712564),"LRTA"
"64","814382",0,FALSE,"Dalton Rd & Field St",c(212223.154843265, 928558.704850148),"LRTA"
"65","814383",0,FALSE,"Gorham St & Manchester St",c(215802.660967896, 930630.933056387),"LRTA"
"66","814384",0,FALSE,"Gorham St & Manchester St",c(215818.991773099, 930628.192836571),"LRTA"
"67","814385",0,FALSE,"Lawrence St & Billerica St",c(216873.950555446, 930561.01713252),"LRTA"
"68","814386",0,FALSE,"109 Arlington",c(216517.457894505, 935573.142216295),"LRTA"
"69","814387",0,FALSE,"Concord Rd & Blanchard Ave",c(218930.572501483, 923170.623315736),"LRTA"
"70","814389",1,FALSE,"11 Technology",c(211272.706008685, 930777.24853092),"LRTA"
"71","814390",0,FALSE,"Gorham St & Blossom St",c(215794.812469549, 930691.789842831),"LRTA"
"72","814391",0,FALSE,"Westford St & Gates St",c(214754.686278014, 931825.74156733),"LRTA"
"73","814392",0,FALSE,"Andover St & Cobleigh Dr",c(219488.367902336, 932710.780419606),"LRTA"
"74","814393",0,FALSE,"Andover St & Longmeadow Rd",c(219634.08235306, 932668.070237274),"LRTA"
"75","814394",0,FALSE,"1158 Gorham",c(215884.377523599, 930409.059516533),"LRTA"
"76","814396",0,FALSE,"Tyngsboro Rd & Pailet Dr",c(208789.161566938, 932763.043312226),"LRTA"
"77","814397",0,FALSE,"Middlesex St & Canton St",c(213641.296167952, 932018.527047973),"LRTA"
"78","814399",0,FALSE,"Old Elm St & Wilson St",c(217667.047133847, 926697.429478789),"LRTA"
"79","814400",0,FALSE,"Chelmsford St & Independence Dr",c(212654.949318547, 928100.028552908),"LRTA"
"80","814401",0,FALSE,"Middlesex St & Stevens St",c(213572.147939017, 932003.10788433),"LRTA"
"81","814402",0,FALSE,"Carlisle St & Devine Ave",c(215930.220781431, 929422.964361602),"LRTA"
"82","814403",0,FALSE,"Gorham St & Carlisle St",c(216430.73415585, 928278.165377495),"LRTA"
"83","814405",1,FALSE,"Old Meadow Rd & Avon St",c(213359.057838541, 934179.147148875),"LRTA"
"84","814406",2,FALSE,"Father Norton Manor",c(216281.204140897, 932589.007702437),"LRTA"
"85","814407",1,FALSE,"Westford St & Gates St",c(214723.665526474, 931799.053236168),"LRTA"
"86","814408",0,FALSE,"Gorham St & Lundberg St",c(215947.559656087, 930186.700450268),"LRTA"
"87","814409",0,FALSE,"Andover St & Trull Rd",c(219957.211988972, 932591.67176904),"LRTA"
"88","814410",0,FALSE,"Dalton Rd & Cortez St",c(212471.852781327, 928695.660307951),"LRTA"
"89","814411",1,FALSE,"Drum Hill Rd & Technology Dr",c(211661.496920989, 930710.340610525),"LRTA"
"90","814413",0,FALSE,"Dalton Rd & Woodlawn Ave",c(212439.314518648, 928685.61052761),"LRTA"
"91","814414",0,FALSE,"Bridge St & Emerson Ave",c(216112.695009328, 935091.89207949),"LRTA"
"92","814415",0,FALSE,"Middlesex St & Tobin Ave",c(210561.236735896, 931695.717111271),"LRTA"
"93","814417",0,FALSE,"Lakeview Ave & Doyle Ave",c(214153.140320414, 935535.253589381),"LRTA"
"94","814418",4,TRUE,"Middlesex & Elliot St",c(215496.679930968, 932311.085320641),"LRTA"
"95","814419",0,FALSE,"1337 Lakeview",c(214047.515957829, 935634.926936882),"LRTA"
"96","814421",0,FALSE,"Pollard St and High St",c(218205.993334578, 925392.156979803),"LRTA"
"97","814422",0,FALSE,"Gorham St & Cosgrove St",c(216024.239127324, 929871.896229141),"LRTA"
"98","814423",0,FALSE,"Andover St & Green Meadow Dr",c(220270.705958026, 932413.414560229),"LRTA"
"99","814424",0,FALSE,"Durnstable Rd & Dunshire Dr",c(208608.358302717, 932456.104037389),"LRTA"
"100","814425",0,FALSE,"Stewart St & Tyngsboro Rd",c(210309.986767603, 936582.400062763),"LRTA"
"101","814426",2,FALSE,"High St & Chestnut St",c(216273.204587973, 932564.300094789),"LRTA"
"102","814428",0,FALSE,"Andover St & Green Meadow Dr",c(220386.482097058, 932361.165591094),"LRTA"
"103","814429",0,FALSE,"Billerica Rd & Industrial Ave",c(213511.344925759, 927510.66273605),"LRTA"
"104","814430",0,FALSE,"Bridge St & Lafayette St",c(216055.647454089, 935562.711232455),"LRTA"
"105","814431",0,FALSE,"Dalton Rd & Jensen Ave",c(212582.910175487, 928778.067084627),"LRTA"
"106","814432",0,FALSE,"Princeton St & Church St",c(210086.50112973, 931493.151634008),"LRTA"
"107","814434",0,FALSE,"Woburn St & Carmine St",c(217115.959220656, 930015.680318927),"LRTA"
"108","814435",0,FALSE,"Andover St & Sheridan Ln",c(220495.53000681, 932333.097213162),"LRTA"
"109","814436",0,FALSE,"Gorham St & Carlisle St",c(216059.341892384, 929662.00127859),"LRTA"
"110","814437",0,FALSE,"Main St & Pine Ave",c(226009.019811644, 923536.70327505),"LRTA"
"111","814438",0,FALSE,"Gorham St & Carleton Ave",c(216570.645436126, 928036.553950217),"LRTA"
"112","814439",0,FALSE,"1448 Andover",c(220644.590451362, 932424.322949543),"LRTA"
"113","814440",0,FALSE,"1469 Andover",c(220736.500567804, 932455.32310207),"LRTA"
"114","814441",1,FALSE,"Mammoth Rd & 5th Ave",c(213490.300837363, 933553.413100375),"LRTA"
"115","814442",1,FALSE,"Andover St & High St",c(216427.895988631, 932404.33109215),"LRTA"
"116","814443",0,FALSE,"Main St & Massachusetts Ave",c(226017.37694591, 923546.954823015),"LRTA"
"117","814444",0,FALSE,"Gorham St & Sprague Ave",c(216564.478513858, 927960.374588886),"LRTA"
"118","814445",1,FALSE,"University Ave & White St",c(214047.413546867, 933849.329120447),"LRTA"
"119","814446",1,FALSE,"Alpha Rd & Stuart Rd",c(214311.664659592, 926880.075432749),"LRTA"
"120","814447",0,FALSE,"Bedford Springs Apartments",c(221680.836608581, 917796.570313848),"LRTA"
"121","814449",0,FALSE,"Beech St & 10th St",c(216532.600519869, 933716.238186829),"LRTA"
"122","814450",0,FALSE,"Gorham St & Devine Ave",c(216130.105347815, 929409.627856023),"LRTA"
"123","814451",0,FALSE,"Gorham St & Devine Ave",c(216121.701580804, 929397.97403623),"LRTA"
"124","814452",0,FALSE,"Middlesex St & Aldea St",c(212661.026710864, 931898.555668686),"LRTA"
"125","814453",0,FALSE,"Andover St & Fort Hill Ave",c(216449.877506291, 932392.616892357),"LRTA"
"126","814454",0,FALSE,"Dracut High School",c(213526.847545855, 936083.920863301),"LRTA"
"127","814455",0,FALSE,"Andover St & North St",c(220969.639842035, 932510.744359195),"LRTA"
"128","814456",0,FALSE,"Andover St & North St",c(220997.480168529, 932497.941937038),"LRTA"
"129","814457",0,FALSE,"Middlesex Tpk & Oak Park Dr",c(220833.483338698, 918748.74630863),"LRTA"
"130","814459",0,FALSE,"Lakeview Ave & Litchfield Ave",c(213400.025494088, 936220.303524595),"LRTA"
"131","814460",1,FALSE,"Wood St & Redwood Ln",c(211893.730290017, 931075.218604824),"LRTA"
"132","814461",0,FALSE,"Middlesex St & Samuel St",c(212390.564985967, 931748.127220648),"LRTA"
"133","814462",0,FALSE,"16 Boston Rd",c(212174.63609653, 927182.416502893),"LRTA"
"134","814463",0,FALSE,"16 Carlisle",c(215865.758314228, 929177.422237408),"LRTA"
"135","814464",0,FALSE,"160 Middlesex",c(220590.972568076, 918985.018060724),"LRTA"
"136","814465",0,FALSE,"Tyngsboro Rd & Cross St",c(208493.148808978, 933027.676963052),"LRTA"
"137","814468",0,FALSE,"Frost Rd & Fletcher Dr",c(206844.897587229, 938335.789574252),"LRTA"
"138","814470",0,FALSE,"Groton Rd & Dunstable Rd",c(209411.490698849, 932135.837763074),"LRTA"
"139","814471",0,FALSE,"Lakeview Apartments Tyngsborough",c(209782.657408741, 937025.015941431),"LRTA"
"140","814472",0,FALSE,"Wilson St & Billerica Rd",c(212469.570317799, 927505.190363417),"LRTA"
"141","814473",0,FALSE,"Nesmith St & Mansur St",c(216735.352466643, 932183.07812961),"LRTA"
"142","814474",1,FALSE,"University Ave & White St",c(213991.157192868, 933880.477294592),"LRTA"
"143","814475",0,FALSE,"Lakeview Ave & Tennis Plaza Rd",c(212975.546155442, 936557.09492789),"LRTA"
"144","814476",0,FALSE,"Middlesex St & Cornell St",c(211984.198460705, 931627.946308018),"LRTA"
"145","814477",0,FALSE,"Lakeview Ave & Tennis Plaza Rd",c(212985.411878331, 936540.894598938),"LRTA"
"146","814478",0,FALSE,"Middlesex Tpk & 4th Ave",c(222660.641436621, 915725.572008032),"LRTA"
"147","814479",0,FALSE,"Middlesex St & Cornells St",c(211997.58940967, 931615.139946989),"LRTA"
"148","814480",0,FALSE,"175 Littleton",c(210627.697766859, 926731.882110985),"LRTA"
"149","814481",1,FALSE,"River Rd & Trull Ln",c(218226.468134884, 933695.960657913),"LRTA"
"150","814482",0,FALSE,"Lakeview Ave & Pointsetta Ave",c(209131.500540283, 936714.065466887),"LRTA"
"151","814483",0,FALSE,"179 Littleton",c(210451.503516918, 926608.923812537),"LRTA"
"152","814485",0,FALSE,"Lakeview Ave & Pointsetta Ave",c(209097.228839156, 936720.823866509),"LRTA"
"153","814486",0,FALSE,"180 Tyngsboro",c(208420.217149365, 933110.889517022),"LRTA"
"154","814487",0,FALSE,"Lakeview Ave & St Paul St",c(212690.068259202, 936681.152686849),"LRTA"
"155","814488",0,FALSE,"Groton Rd & Scotty Hollow Dr",c(208080.873698464, 931426.673760747),"LRTA"
"156","814489",0,FALSE,"Middlesex St Middlesex Plaza",c(211760.972585485, 931597.616799987),"LRTA"
"157","814491",0,FALSE,"Gorham St & Summer St",c(215669.861457022, 932108.51040968),"LRTA"
"158","814492",0,FALSE,"Princeton St & Brouilette St",c(211143.983501738, 931491.445092603),"LRTA"
"159","814494",0,FALSE,"Woburn St & Easton St",c(217217.500092391, 929923.289166122),"LRTA"
"160","814495",0,FALSE,"Lawrence St & Cady St",c(216053.443696863, 932060.448215834),"LRTA"
"161","814496",0,FALSE,"Main St & Wisser St",c(226094.963750293, 923215.887259996),"LRTA"
"162","814497",0,FALSE,"Middlesex St & Dingwell St",c(211566.645100635, 931617.191319023),"LRTA"
"163","814498",0,FALSE,"Boston Rd & Amherst St",c(216501.960854891, 927654.592003093),"LRTA"
"164","814499",0,FALSE,"Liberty St & Grace St",c(214277.604635534, 931432.529188418),"LRTA"
"165","814500",0,FALSE,"Market Basket Plaza",c(224266.387329167, 926700.99793051),"LRTA"
"166","814501",1,FALSE,"Wentworth Ave & Hovey St",c(217499.256785487, 931956.496239113),"LRTA"
"167","814502",0,FALSE,"Andover St & Radcliff Rd",c(222333.898482854, 932489.169868211),"LRTA"
"168","814503",0,FALSE,"Broadway St & Suffolk St",c(214975.561871232, 932652.35706388),"LRTA"
"169","814505",0,FALSE,"Middlesex St & Nelson St",c(211419.364679187, 931658.659271487),"LRTA"
"170","814506",0,FALSE,"Middlesex St & Thorncliff Ave",c(211373.460740945, 931682.303680799),"LRTA"
"171","814507",0,FALSE,"Lakeview Ave & Pine St",c(212233.254786597, 936948.448005403),"LRTA"
"172","814508",0,FALSE,"Rogers St & Park Ave",c(216724.385284895, 931798.135677313),"LRTA"
"173","814509",0,FALSE,"Lakeview Ave & Mill St",c(212213.856380176, 936933.639552182),"LRTA"
"174","814510",1,FALSE,"Burnham Rd & Russell St",c(218539.276505152, 933483.87897499),"LRTA"
"175","814512",0,FALSE,"Treble Cove Plaza (199 Boston Rd)",c(217313.703859752, 925707.974412919),"LRTA"
"176","814513",1,FALSE,"199 Chelmsford",c(213088.698705821, 928684.188901826),"LRTA"
"177","814514",0,FALSE,"Cross Point Tower",c(214463.644292401, 929434.87702357),"LRTA"
"178","814515",0,FALSE,"Triangle Store (2 Main St)",c(208383.544866422, 931560.109638668),"LRTA"
"179","814516",0,FALSE,"Boston Rd & Amherst St",c(216521.977246332, 927690.745335849),"LRTA"
"180","814517",1,FALSE,"Drum Hill Rd at Enterprise Bank",c(211442.892028988, 930564.881225422),"LRTA"
"181","814518",1,FALSE,"Westford St & Parkhurst Rd",c(211502.256730461, 930620.20947216),"LRTA"
"182","814520",0,FALSE,"Treble Cove Plaza",c(217331.39268936, 925708.969169342),"LRTA"
"183","814521",0,FALSE,"200 Network Dr",c(221180.518416514, 931770.439116138),"LRTA"
"184","814522",1,FALSE,"University Ave & 4th Ave",c(213919.542141748, 933937.843193146),"LRTA"
"185","814523",0,FALSE,"W 6th St & Bunker Hill Ave",c(215623.501236836, 933862.114637762),"LRTA"
"186","814524",0,FALSE,"Pollard St & Salem Rd",c(218371.532903533, 924772.938992128),"LRTA"
"187","814525",0,FALSE,"203 Littleton",c(206292.796901361, 924006.627752298),"LRTA"
"188","814526",0,FALSE,"Pleasant St & Coventry Dr",c(214942.542312028, 934966.944191187),"LRTA"
"189","814527",0,FALSE,"Billerica Rd & Apollo Dr",c(214092.098483721, 927354.021149646),"LRTA"
"190","814528",0,FALSE,"Chelmsford Rd & Rangeway Rd",c(216710.312169547, 926044.59775246),"LRTA"
"191","814529",1,FALSE,"21 Drum Hill",c(211350.597359527, 930508.719047831),"LRTA"
"192","814530",0,FALSE,"Vinal Square",c(209603.755636893, 932084.748872457),"LRTA"
"193","814531",1,FALSE,"Mammoth Rd & Ross Ave",c(213346.432776086, 933679.269009098),"LRTA"
"194","814532",0,FALSE,"Main St & Hill St",c(224673.236667613, 926264.304580131),"LRTA"
"195","814533",0,FALSE,"Pleasant St & Coventry Dr",c(214970.824865548, 934957.515476587),"LRTA"
"196","814534",1,FALSE,"Chelmsford St & Sylvan Ave",c(213220.88757988, 928802.45166138),"LRTA"
"197","814535",2,FALSE,"Central St & Jackson St",c(215691.299659032, 932448.362535689),"LRTA"
"198","814536",0,FALSE,"Chelmsford Rd & Finnway St",c(216783.724262848, 926028.107129714),"LRTA"
"199","814537",0,FALSE,"221 Boston Rd",c(217503.450371546, 925467.831380234),"LRTA"
"200","814539",0,FALSE,"Harvard Pilgrim Vanguard",c(214291.476118919, 927414.649130386),"LRTA"
"201","814540",0,FALSE,"Andover St & Nesmith St",c(216673.400410617, 932411.514522896),"LRTA"
"202","814541",0,FALSE,"Lakeview Ave & Pinehurst Ave",c(209549.016276676, 936982.575615537),"LRTA"
"203","814542",0,FALSE,"Humphrey St & Pemberton St",c(216411.169319434, 934866.470057565),"LRTA"
"204","814543",0,FALSE,"Nesmith St & Sherman St",c(216822.41476028, 931996.102518964),"LRTA"
"205","814544",0,FALSE,"Billerica Rd & Progress Ave",c(214457.350773363, 927353.981007741),"LRTA"
"206","814545",1,FALSE,"River Rd & Burnham Rd",c(218397.691136925, 933784.770035706),"LRTA"
"207","814547",0,FALSE,"Plain St & Payton St",c(215102.338031576, 930434.277261735),"LRTA"
"208","814548",1,FALSE,"University Ave & 6th Ave",c(213806.200178364, 934048.358926226),"LRTA"
"209","814549",0,FALSE,"Andover St & Park St",c(216724.838818126, 932431.767585365),"LRTA"
"210","814550",0,FALSE,"Ideal Tape & Middlesex St",c(213941.447725211, 931957.879520926),"LRTA"
"211","814551",0,FALSE,"Branch St & Branch Pl",c(213947.767359835, 931968.452181178),"LRTA"
"212","814552",1,FALSE,"Brattle St & Douglas Rd",c(218269.333646685, 932041.800226689),"LRTA"
"213","814553",0,FALSE,"Main St & Roosevelt Rd",c(225247.958234444, 924900.97956783),"LRTA"
"214","814554",1,FALSE,"25 Drum Hill Rd",c(211415.798987509, 930566.747218436),"LRTA"
"215","814555",0,FALSE,"Main St & Hoover Rd",c(225241.10542928, 924942.209988076),"LRTA"
"216","814556",0,FALSE,"Princeton St & Harvard St",c(210958.343425185, 931532.009625301),"LRTA"
"217","814557",0,FALSE,"254 Billerica Rd",c(214429.735449976, 927376.417879405),"LRTA"
"218","814558",0,FALSE,"255 Chelmsford St",c(214824.236680862, 931334.62538758),"LRTA"
"219","814559",0,FALSE,"255 North Rd",c(211022.361542348, 929839.845363973),"LRTA"
"220","814560",0,FALSE,"255 Rogers Street",c(216889.971125642, 931742.502820405),"LRTA"
"221","814561",1,FALSE,"Old Meadow Rd & Lamb St",c(213117.702422522, 934064.751659415),"LRTA"
"222","814563",0,FALSE,"East St & Chandler St",c(222853.892945793, 929058.563973505),"LRTA"
"223","814564",0,FALSE,"W 6th St & Beaulieu St",c(215485.684117462, 934002.553923111),"LRTA"
"224","814565",0,FALSE,"Boston Rd & Marshall Rd",c(215270.528025534, 930304.925269143),"LRTA"
"225","814566",0,FALSE,"Boston Rd & Bridge St",c(217896.254691172, 924966.82727494),"LRTA"
"226","814567",0,FALSE,"273 Littleton",c(209610.601290534, 926057.690833562),"LRTA"
"227","814568",0,FALSE,"273 Main",c(226286.499780858, 922686.732107403),"LRTA"
"228","814569",0,FALSE,"Market Basket Senior Center",c(214796.654454401, 932624.599874177),"LRTA"
"229","814572",0,FALSE,"High St & Andover St",c(216401.419277056, 932359.242735904),"LRTA"
"230","814574",0,FALSE,"Andover St & Mansion Dr",c(216839.817861183, 932432.598858451),"LRTA"
"231","814575",0,FALSE,"Stevens St & Pine St",c(213677.891247683, 931302.070439126),"LRTA"
"232","814576",0,FALSE,"Billerica Rd & Elliot St",c(214755.030202436, 927081.946303003),"LRTA"
"233","814577",0,FALSE,"High St & Andover St",c(216396.393503338, 932335.976489331),"LRTA"
"234","814578",0,FALSE,"Littleton & Powers Rd",c(205010.020685711, 922903.357184813),"LRTA"
"235","814579",0,FALSE,"Chelmsford & Glen Ave",c(213781.806913127, 929108.776513465),"LRTA"
"236","814580",0,FALSE,"Littleton Rd & Powers Rd",c(205023.143581284, 922889.005440022),"LRTA"
"237","814581",0,FALSE,"Gorham St & Riverneck Rd",c(216200.622749482, 929068.019962752),"LRTA"
"238","814582",0,FALSE,"Marinel Ave & Dunstable Rd",c(209085.929382282, 932294.92563317),"LRTA"
"239","814583",0,FALSE,"Kidder Rd & Littleton Rd",c(209149.590524555, 925743.255545678),"LRTA"
"240","814584",1,FALSE,"Varnum Ave & Avalon St",c(213037.05059493, 932873.902984355),"LRTA"
"241","814585",1,FALSE,"291 Douglas",c(218329.624569129, 931922.910175339),"LRTA"
"242","814586",0,FALSE,"Woburn St & Jean Ave",c(217343.920342386, 929651.933964591),"LRTA"
"243","814587",0,FALSE,"Billerica Center (297 Boston Rd)",c(218196.109353974, 924737.338936648),"LRTA"
"244","814589",1,FALSE,"Chelmsford St & Glen Ave",c(213858.374795056, 929113.3535373),"LRTA"
"245","814590",1,FALSE,"Brookside St & Varnum Ave",c(213272.070400726, 933025.558860829),"LRTA"
"246","814591",0,FALSE,"Billerica Rd & Elliot St",c(214792.069230662, 927070.916091376),"LRTA"
"247","814592",1,FALSE,"Chelmsford St & Shaw St",c(214703.764608295, 931157.147464663),"LRTA"
"248","814593",0,FALSE,"Kidder Rd & Littleton Rd",c(209145.727227595, 925757.143355181),"LRTA"
"249","814594",0,FALSE,"Billerica Center",c(218162.051842787, 924798.746949676),"LRTA"
"250","814595",1,FALSE,"University Ave & 7th Ave",c(213673.233715971, 934160.73876728),"LRTA"
"251","814596",0,FALSE,"Rogers St & Waverly Ave",c(217012.125467217, 931648.107023358),"LRTA"
"252","814597",0,FALSE,"31 Littleton",c(211821.789742668, 927308.765608241),"LRTA"
"253","814598",0,FALSE,"Hannaford",c(215385.70257921, 934985.666906024),"LRTA"
"254","814599",0,FALSE,"313 Littleton",c(208890.87322614, 925599.743475614),"LRTA"
"255","814600",1,FALSE,"Westford St & Hastings St",c(214169.899459126, 931621.890028953),"LRTA"
"256","814601",0,FALSE,"Boston Rd & Collins Rae Ln",c(218395.447880222, 924330.457599543),"LRTA"
"257","814603",0,FALSE,"320 Nesmith",c(216943.998871933, 931778.668785957),"LRTA"
"258","814604",1,FALSE,"University Ave & 7th Ave",c(213647.718182349, 934159.809337112),"LRTA"
"259","814605",0,FALSE,"High St & Oak St",c(216439.277331984, 932219.812231936),"LRTA"
"260","814606",0,FALSE,"Lowell Superior Court",c(215666.436508792, 931883.924758706),"LRTA"
"261","814607",1,FALSE,"Mammoth Rd & W Meadow Rd",c(213079.350402232, 933931.898878084),"LRTA"
"262","814608",0,FALSE,"Concord Rd & Richardson St",c(218929.167459235, 922931.029750014),"LRTA"
"263","814609",0,FALSE,"Billerica Rd & Omni Way",c(214996.34193037, 926769.869478262),"LRTA"
"264","814610",0,FALSE,"330 Boston Rd",c(218434.612591699, 924293.259788376),"LRTA"
"265","814611",1,FALSE,"Douglas Rd & Windward Rd",c(218357.348468628, 931819.948137247),"LRTA"
"266","814612",0,FALSE,"Littleton Rd & Robbins Rd",c(204359.521359396, 922724.729967889),"LRTA"
"267","814613",0,FALSE,"Tyngsboro Rd & Locust St",c(210066.169372879, 936796.943333024),"LRTA"
"268","814614",0,FALSE,"Littleton Rd & Robbins Rd",c(204301.708326168, 922690.593027426),"LRTA"
"269","814615",0,FALSE,"334 Main",c(226601.01299938, 922217.384906558),"LRTA"
"270","814616",0,FALSE,"Tyngsboro Rd & Stewart St",c(210206.311942367, 936622.710400035),"LRTA"
"271","814617",0,FALSE,"Main St & Middlesex Ave",c(226602.220539302, 922189.80385343),"LRTA"
"272","814618",0,FALSE,"Bridge St & 2nd St",c(216048.355456581, 933218.357576067),"LRTA"
"273","814619",0,FALSE,"Lowell Provision Aiken Ave",c(215332.380493292, 934140.962452182),"LRTA"
"274","814620",0,FALSE,"34 Central Square",c(212156.670458326, 927290.314068049),"LRTA"
"275","814622",0,FALSE,"345 North Rd",c(210610.934851276, 930849.412063977),"LRTA"
"276","814623",0,FALSE,"Woburn St & Canterbury St",c(217404.73467573, 929490.89507323),"LRTA"
"277","814625",0,FALSE,"Andover St & Mansion Dr",c(217025.821722685, 932429.052711943),"LRTA"
"278","814626",0,FALSE,"Chestnut Street Burlington",c(223707.98902427, 918836.747139983),"LRTA"
"279","814627",0,FALSE,"355 Littleton",c(204055.678181763, 922595.70819507),"LRTA"
"280","814628",0,FALSE,"Lowell St & Bellevue Rd",c(225352.182551077, 932622.899369766),"LRTA"
"281","814629",0,FALSE,"Brick Kiln Rd & Sprague Ave",c(216151.548435105, 927912.306035821),"LRTA"
"282","814630",0,FALSE,"Lowell Superior Court",c(215680.780502778, 931892.627115812),"LRTA"
"283","814631",0,FALSE,"360 Littleton",c(208993.048615555, 925645.42457709),"LRTA"
"284","814632",0,FALSE,"Main St & Veranda Ave",c(219570.645759441, 930093.760158885),"LRTA"
"285","814633",0,FALSE,"Boston Rd & Farmers Ln",c(218706.214623454, 923848.641522278),"LRTA"
"286","814634",0,FALSE,"364 Littleton",c(204011.704801578, 922559.062374166),"LRTA"
"287","814635",0,FALSE,"Stevens St & D St",c(213727.047946968, 931006.636094905),"LRTA"
"288","814636",0,FALSE,"Rogers St & Wellington Ave",c(217117.488520992, 931525.899899219),"LRTA"
"289","814637",0,FALSE,"Billerica Town Hall",c(218854.679763168, 923571.192783494),"LRTA"
"290","814638",0,FALSE,"Cambridge St & Van Norden Rd",c(223187.437541475, 919210.188431728),"LRTA"
"291","814641",0,FALSE,"Littleton Rd & Beth Ann Dr",c(208529.603593532, 925379.372439933),"LRTA"
"292","814642",0,FALSE,"Lowell St & Tessier Dr",c(225097.642874388, 932591.194382262),"LRTA"
"293","814646",0,FALSE,"Main St & Colab Rd",c(219673.902391185, 930044.998603699),"LRTA"
"294","814648",0,FALSE,"High St & Porter St",c(216499.787070867, 932047.32890185),"LRTA"
"295","814649",0,FALSE,"Cambridge St & Four Acre Dr",c(223178.449930652, 919196.548176697),"LRTA"
"296","814650",0,FALSE,"High St & Porter St",c(216512.158141905, 932056.712020995),"LRTA"
"297","814651",0,FALSE,"Billerica Town Hall",c(218882.746269376, 923554.995455013),"LRTA"
"298","814652",0,FALSE,"Brick Kiln Rd & Moore St",c(216111.913619422, 927892.184558119),"LRTA"
"299","814653",0,FALSE,"Pollard St & Waterview Ave",c(217677.344052287, 925848.813392057),"LRTA"
"300","814654",1,FALSE,"Varnum Ave & Barbara Terrace",c(212732.392262362, 932802.051481332),"LRTA"
"301","814655",1,FALSE,"Chelmsford St & Factory St",c(214636.551492991, 930975.329028345),"LRTA"
"302","814657",0,FALSE,"4 Technology Park Dr",c(206975.855302037, 924671.474781925),"LRTA"
"303","814658",0,FALSE,"Tyngsboro Rd & Nashua Rd",c(211146.643481199, 936536.832381164),"LRTA"
"304","814659",0,FALSE,"Mission Rd & Rte. 3A",c(208197.140801951, 933352.470901643),"LRTA"
"305","814660",0,FALSE,"Lakeview Ave & Cricones Way",c(207754.978665896, 937798.635822796),"LRTA"
"306","814661",0,FALSE,"Parkhurst Rd & Smith St",c(211402.902260669, 929800.091524627),"LRTA"
"307","814662",0,FALSE,"Pollard St & Call St",c(217667.977112375, 925870.203774709),"LRTA"
"308","814663",0,FALSE,"400 Littleton",c(203269.603061337, 922196.167826241),"LRTA"
"309","814664",1,FALSE,"Merrimack St & Cardinal O Connell Pkwy",c(215184.725481685, 932864.221622381),"LRTA"
"310","814665",0,FALSE,"495 Business Ctr, Gentronics",c(220957.634378051, 931563.149054706),"LRTA"
"311","814666",0,FALSE,"Main St & Colab Rd",c(219711.153093375, 930043.437160623),"LRTA"
"312","814667",0,FALSE,"Middlesex Turnpike & Concord Rd",c(218085.719689961, 921881.699788176),"LRTA"
"313","814668",0,FALSE,"Boston Rd & Andover Rd",c(218958.143208807, 923326.480927328),"LRTA"
"314","814669",0,FALSE,"406 Lowell St",c(224710.324225412, 932566.304050826),"LRTA"
"315","814670",0,FALSE,"Boston Rd & Grace Ave",c(219059.740842931, 922992.590402033),"LRTA"
"316","814671",0,FALSE,"Village Square",c(212221.015305973, 927729.950835048),"LRTA"
"317","814672",0,FALSE,"Andover St & Pentucket Ave",c(217237.046317503, 932514.769875608),"LRTA"
"318","814673",0,FALSE,"Stevens St & B St",c(213746.356120018, 930899.107897364),"LRTA"
"319","814674",0,FALSE,"High St & Sherman St",c(216545.426735341, 931961.866815421),"LRTA"
"320","814675",0,FALSE,"High St & Sherman St",c(216534.883467366, 931952.251160186),"LRTA"
"321","814676",0,FALSE,"Bridge St & W 4th St",c(216097.364171864, 933339.337008522),"LRTA"
"322","814677",0,FALSE,"Andover St & Pentucket Ave",c(217261.75429359, 932505.610707191),"LRTA"
"323","814678",0,FALSE,"Billerica Ave & Caven Rd",c(217936.33948405, 927414.706032635),"LRTA"
"324","814679",0,FALSE,"Lowell St & Franklin St",c(216880.595181539, 926712.419007879),"LRTA"
"325","814681",0,FALSE,"Chelmsford St & Waite St",c(214604.552144038, 930912.818071493),"LRTA"
"326","814682",0,FALSE,"Pleasant St & Greenmont Ave",c(215690.424271544, 935228.961186666),"LRTA"
"327","814683",0,FALSE,"43 Highland",c(215557.94489756, 931820.037307687),"LRTA"
"328","814684",0,FALSE,"North Rd & Crosby Ln",c(212016.850724083, 927868.5087894),"LRTA"
"329","814685",1,FALSE,"Douglas Rd & Donald Terrace",c(218139.901493618, 931542.848401561),"LRTA"
"330","814686",0,FALSE,"King St & Shea St",c(202769.743934414, 922153.307943293),"LRTA"
"331","814687",0,FALSE,"Middlesex Turnpike & French St",c(218387.125781663, 921531.495859493),"LRTA"
"332","814688",0,FALSE,"Woburn St & Stavely St",c(217051.811364582, 930281.948914593),"LRTA"
"333","814690",0,FALSE,"Boston Rd & Cunningham Ln",c(219302.441511992, 922624.842967105),"LRTA"
"334","814691",1,FALSE,"Chelmsford St & Parker St",c(214580.604913871, 930798.963074331),"LRTA"
"335","814692",0,FALSE,"463 Lowell St",c(223792.415893438, 932529.329180627),"LRTA"
"336","814693",0,FALSE,"Merrimack St & Colburn St",c(215110.910687457, 932930.756792086),"LRTA"
"337","814694",0,FALSE,"Boston Rd & Grace Ave",c(219067.598583914, 923002.164902799),"LRTA"
"338","814695",0,FALSE,"464 Lowell St",c(223804.55335247, 932513.974580897),"LRTA"
"339","814696",0,FALSE,"High St & Rogers St",c(216590.921595795, 931796.331569849),"LRTA"
"340","814697",0,FALSE,"Billerica Rd & Wilson St",c(212537.457900885, 927509.184939258),"LRTA"
"341","814698",0,FALSE,"Chelmsford St & Wilson St",c(212361.739592146, 927612.145932111),"LRTA"
"342","814699",0,FALSE,"Middlesex Tpk & Friendship St",c(218736.280669949, 921118.033517592),"LRTA"
"343","814701",1,FALSE,"Varnum Ave & Varnum Terrace",c(212442.096027962, 932709.467281201),"LRTA"
"344","814702",1,FALSE,"Andover St & Barasford Ave",c(217461.920926336, 932580.534804568),"LRTA"
"345","814703",0,FALSE,"493 Boston Rd",c(219439.882731294, 922268.372334421),"LRTA"
"346","814704",1,FALSE,"Princeton Blvd & Lauriat St",c(212279.811547335, 931436.116225396),"LRTA"
"347","814705",0,FALSE,"Brick Kiln Rd & Canal St",c(215832.384579856, 926486.753679673),"LRTA"
"348","814706",0,FALSE,"Chelmsford Center",c(212561.722859375, 927532.399616861),"LRTA"
"349","814709",0,FALSE,"Andover St & Butman Rd",c(217488.887891241, 932575.966233745),"LRTA"
"350","814710",0,FALSE,"Nashua Rd & Pare Ave",c(211063.249450412, 936560.139182074),"LRTA"
"351","814711",0,FALSE,"Nuttings Lake - Middlesex Tpk & Water St",c(218933.718915572, 920883.269769979),"LRTA"
"352","814712",0,FALSE,"Nuttings Lake - Middlesex Tpk & Water St",c(218955.200225109, 920877.629245656),"LRTA"
"353","814713",1,FALSE,"Varnum Ave & Meadow Rd",c(212346.706117986, 932711.603066133),"LRTA"
"354","814715",0,FALSE,"School St & Lawson St",c(214360.890420736, 931761.607311825),"LRTA"
"355","814716",0,FALSE,"Rogers St & Rea St",c(217558.223145806, 931283.664383413),"LRTA"
"356","814717",0,FALSE,"Carlisle St & Marshall St",c(216000.375715033, 928694.773079874),"LRTA"
"357","814718",0,FALSE,"Boston Rd & Tufts Ln",c(219440.337878314, 922315.640420404),"LRTA"
"358","814719",0,FALSE,"530 Main",c(220242.33025913, 929885.954109588),"LRTA"
"359","814720",0,FALSE,"Saint Margaret's School",c(213835.945687141, 930574.335674703),"LRTA"
"360","814721",1,FALSE,"Westford St & Edson St",c(213517.398946043, 931513.380297168),"LRTA"
"361","814723",1,FALSE,"Andover St & Glenn Rd",c(217612.512851888, 932628.192162152),"LRTA"
"362","814724",0,FALSE,"IBM (55 King St)",c(202631.197855122, 922121.984926175),"LRTA"
"363","814725",1,FALSE,"Westford St & Robbins St",c(213485.747685039, 931490.130192087),"LRTA"
"364","814726",1,FALSE,"Andover St & Luce St",c(217651.180920592, 932622.034490879),"LRTA"
"365","814727",1,FALSE,"Douglas Rd & Rogers St",c(218052.365041837, 931165.207004776),"LRTA"
"366","814728",0,FALSE,"558 Gorham",c(215669.993430135, 931555.417276625),"LRTA"
"367","814729",0,FALSE,"56 Chelmsford",c(216372.374979417, 926026.447515986),"LRTA"
"368","814730",0,FALSE,"Main St & Oakwood Rd",c(225784.334261444, 924170.048050913),"LRTA"
"369","814731",0,FALSE,"Steadman St & Melody Ln",c(212779.600981029, 929172.197996913),"LRTA"
"370","814732",0,FALSE,"Bridge St & 7th St",c(216162.023729966, 933550.668853479),"LRTA"
"371","814733",1,FALSE,"Varnum Ave & Daisy Dr",c(212257.495572406, 932703.114767364),"LRTA"
"372","814734",0,FALSE,"School St & Westford St",c(214346.544357457, 931635.137447236),"LRTA"
"373","814736",0,FALSE,"Smith St & Bellevue St",c(211686.517111863, 929825.92658897),"LRTA"
"374","814738",0,FALSE,"Lawrence St & Watson St",c(216193.673762169, 931489.281089704),"LRTA"
"375","814740",1,FALSE,"Chelmsford St & Avenue B",c(214472.27971405, 930439.028918347),"LRTA"
"376","814741",1,FALSE,"Westford St & Marlborough St",c(213364.126715744, 931470.571870967),"LRTA"
"377","814742",0,FALSE,"Boston Rd & Wyman Rd",c(220256.106424253, 921472.383298039),"LRTA"
"378","814743",0,FALSE,"Rogers St & Wentworth Ave",c(217755.729248677, 931237.141988068),"LRTA"
"379","814744",1,FALSE,"Burnham Road and Andover Street",c(218671.046894187, 932897.061555344),"LRTA"
"380","814745",0,FALSE,"Parkhurst Rd & N Rd",c(211217.287519651, 929536.783515524),"LRTA"
"381","814746",1,FALSE,"6 Stuart St",c(214454.313308819, 926681.973082904),"LRTA"
"382","814747",0,FALSE,"Carlisle St & Marshall St",c(216027.535337758, 928651.36213413),"LRTA"
"383","814748",0,FALSE,"60 Humphrey St",c(216579.149592982, 934343.642154121),"LRTA"
"384","814749",2,FALSE,"Clark Rd & Clar Relocation Rd",c(218794.661277048, 931204.364332809),"LRTA"
"385","814750",0,FALSE,"Middlesex Tpk & Pearl Rd",c(219486.741520747, 920287.019616321),"LRTA"
"386","814752",1,FALSE,"Chelmsford St & Forest St",c(214456.858339935, 930296.883239375),"LRTA"
"387","814754",0,FALSE,"Stevens St & Midland St",c(213956.283341036, 930290.241972142),"LRTA"
"388","814755",1,FALSE,"Varnum Ave & Rule Ln",c(212044.904590736, 932769.428005261),"LRTA"
"389","814756",0,FALSE,"Rogers St & Butman Rd",c(217961.804795434, 931163.240978037),"LRTA"
"390","814757",0,FALSE,"Boston Rd & Webb Brook Ln",c(220250.353714645, 921517.310996847),"LRTA"
"391","814758",0,FALSE,"3rd St & Reed St",c(216286.288313434, 933290.646153719),"LRTA"
"392","814759",0,FALSE,"Boston Rd & Webb Brook Rd",c(220351.76460873, 921387.083071535),"LRTA"
"393","814760",0,FALSE,"Boston Rd & Payson Rd",c(220719.962814354, 921169.274614585),"LRTA"
"394","814761",1,FALSE,"Rogers St & Butman Rd",c(217913.355831551, 931166.067465289),"LRTA"
"395","814762",1,FALSE,"Andover St & Douglas Rd",c(217920.67609682, 932715.651312771),"LRTA"
"396","814763",0,FALSE,"Concord Rd & Kenmar Dr",c(218828.595795207, 922614.395265077),"LRTA"
"397","814765",0,FALSE,"Concord Rd & Kenmar Dr",c(218842.307517056, 922599.032263568),"LRTA"
"398","814766",0,FALSE,"Littleton Rd & Tadmuck Rd",c(207720.276073378, 924824.883787235),"LRTA"
"399","814767",1,FALSE,"Walgreen's Pharmacy Plain St",c(214622.424308596, 930580.865932796),"LRTA"
"400","814768",1,FALSE,"Boys & Girls Club",c(214764.130200606, 931988.96992897),"LRTA"
"401","814769",0,FALSE,"Chelmsford St & Jenness St",c(214438.284840501, 930161.507551704),"LRTA"
"402","814770",0,FALSE,"Boston Rd & Payson Rd",c(220710.883439724, 921194.407849016),"LRTA"
"403","814772",0,FALSE,"Princeton Blvd Middlesex Plaza",c(211762.589038382, 931366.2669534),"LRTA"
"404","814774",1,FALSE,"Andover St & Stafford Rd",c(218045.6372376, 932752.55419204),"LRTA"
"405","814776",0,FALSE,"7 Littleton",c(208376.130468303, 925306.719802181),"LRTA"
"406","814777",0,FALSE,"Sladen St & Dean Ave",c(214857.88074435, 934671.378621843),"LRTA"
"407","814778",0,FALSE,"Wilson St & Chelmsford St",c(212382.707650076, 927612.105422136),"LRTA"
"408","814779",0,FALSE,"North Rd & Dalton Rd",c(211952.783479383, 928195.65281126),"LRTA"
"409","814781",1,FALSE,"Rogers St & Douglas Rd",c(218078.302547286, 931125.271619672),"LRTA"
"410","814782",0,FALSE,"North Rd & Dalton Rd",c(211963.999651949, 928227.064676273),"LRTA"
"411","814783",1,FALSE,"Andover St & Clark Rd",c(218130.075730051, 932758.474592881),"LRTA"
"412","814784",0,FALSE,"Main St & Jerome Rd",c(220879.563098582, 929575.86809778),"LRTA"
"413","814785",1,FALSE,"Chelmsford St & Wellman St",c(214440.492139498, 929940.408673229),"LRTA"
"414","814786",1,FALSE,"Varnum Ave & Townsend Ave",c(211760.989192948, 932815.79161754),"LRTA"
"415","814787",0,FALSE,"Princeton Blvd Middlesex Plaza",c(211751.988047688, 931379.53627805),"LRTA"
"416","814788",0,FALSE,"Boston Rd & Allen Rd",c(221627.329339686, 920533.255531291),"LRTA"
"417","814789",0,FALSE,"Chelmsford St & Wellman St",c(214427.378487473, 929958.705150147),"LRTA"
"418","814791",0,FALSE,"Stevens St & Jenness St",c(214107.281767047, 929989.910111237),"LRTA"
"419","814793",0,FALSE,"74 Boston Rd",c(216627.846955416, 927033.268205275),"LRTA"
"420","814794",0,FALSE,"Main St & Marshall St",c(220939.177991389, 929535.014134752),"LRTA"
"421","814795",1,FALSE,"Westford St & Gertrude Ave",c(212885.781424391, 931337.140845384),"LRTA"
"422","814796",0,FALSE,"Middlesex Tpk & Manning Rd",c(219666.768360048, 920082.233547938),"LRTA"
"423","814797",0,FALSE,"Beech St & 6th St",c(216513.074959342, 933477.468673116),"LRTA"
"424","814798",0,FALSE,"76 Carlisle",c(216145.22140985, 928525.755507875),"LRTA"
"425","814801",0,FALSE,"Boston Rd & Shawsheen Rd",c(221542.213469694, 920544.938239267),"LRTA"
"426","814804",1,FALSE,"Andover St & Trull Ln",c(218277.162385187, 932813.561460657),"LRTA"
"427","814807",1,FALSE,"Westford St & Pine St",c(212793.054322116, 931290.070454191),"LRTA"
"428","814808",0,FALSE,"Boston Rd & Greenville St",c(222273.949095055, 920046.39382064),"LRTA"
"429","814809",0,FALSE,"79 Littleton",c(211535.748629739, 927171.655440419),"LRTA"
"430","814811",0,FALSE,"Merrimack St & Spalding St",c(214599.084751439, 933257.150094361),"LRTA"
"431","814812",1,FALSE,"Rogers St & Village St",c(218330.260309689, 931030.91162224),"LRTA"
"432","814813",0,FALSE,"Gorham St & Ellsworth St",c(215727.209606786, 931133.311295361),"LRTA"
"433","814814",0,FALSE,"Middlesex Tpk & Lexington Rd",c(219848.125413554, 919869.14193663),"LRTA"
"434","814815",0,FALSE,"Chelmsford Senior Center",c(208916.763653394, 932144.298656085),"LRTA"
"435","814816",0,FALSE,"Chelmsford Rd & Executive Park Dr",c(215839.040141551, 926371.379839125),"LRTA"
"436","814817",1,FALSE,"80 Drum Hill (Mall Entrance)",c(211311.349726154, 930394.359687778),"LRTA"
"437","814818",0,FALSE,"East St & Spaulding Ct",c(222176.06510806, 929031.278237967),"LRTA"
"438","814819",0,FALSE,"80 Littleton",c(211555.642329118, 927167.385847618),"LRTA"
"439","814820",0,FALSE,"Chelmsford St & Albert St",c(214369.007108332, 929749.473487475),"LRTA"
"440","814821",0,FALSE,"Stevens St & Albert St",c(214230.336274326, 929740.880831553),"LRTA"
"441","814822",0,FALSE,"Boston Rd & Pinedale Ave",c(222522.571801889, 919635.960303451),"LRTA"
"442","814823",0,FALSE,"Gorham St & Riverneck Rd",c(216205.940537473, 929105.774659898),"LRTA"
"443","814824",0,FALSE,"Steadman & Bowl Rd",c(212660.853924608, 929553.68725773),"LRTA"
"444","814825",1,FALSE,"Andover St & Remington St",c(218415.27475315, 932842.563079792),"LRTA"
"445","814826",0,FALSE,"83 Gorham",c(216307.535587764, 928644.851760223),"LRTA"
"446","814827",0,FALSE,"Boston Rd & Cardington Ave",c(222258.837487974, 920099.218313801),"LRTA"
"447","814828",0,FALSE,"84 Brick Kiln",c(215994.281860701, 927299.661610004),"LRTA"
"448","814829",0,FALSE,"Chelmsford St & Stevens St",c(214321.813644828, 929621.207250303),"LRTA"
"449","814830",0,FALSE,"Princeton St & Corey St",c(211310.472639743, 931457.438183473),"LRTA"
"450","814831",1,FALSE,"Andover St & Holbrook Ave",c(218504.040242313, 932881.019400476),"LRTA"
"451","814832",0,FALSE,"Princeton St & Corey St",c(211306.902425352, 931444.952416491),"LRTA"
"452","814833",0,FALSE,"Main St & Old Boston Rd",c(221352.6573744, 929349.962685772),"LRTA"
"453","814834",0,FALSE,"Greenmont Ave & Vermont Ave",c(215690.363270917, 935626.412541986),"LRTA"
"454","814835",0,FALSE,"Livingston St & Ironwood Ln",c(224113.420198231, 926862.388011885),"LRTA"
"455","814836",1,FALSE,"850 Chelmsford",c(214351.188848428, 929659.702669665),"LRTA"
"456","814837",0,FALSE,"Main St & Old Boston Rd",c(221336.411381003, 929339.780617541),"LRTA"
"457","814838",1,FALSE,"Varnum Ave & Totman Rd",c(211409.218528113, 932734.226877698),"LRTA"
"458","814839",0,FALSE,"Lakeview Ave & W 6th St",c(215145.164713244, 934343.175296265),"LRTA"
"459","814840",0,FALSE,"86 Chelmsford Street",c(212526.17081659, 927883.072104889),"LRTA"
"460","814841",0,FALSE,"86 Gorham",c(216326.509700649, 928615.623973135),"LRTA"
"461","814842",1,FALSE,"Westford St & Mariposa Ave",c(212555.454697926, 931156.826686924),"LRTA"
"462","814843",0,FALSE,"Hale St & YMCA Dr",c(215237.770955792, 931554.338090394),"LRTA"
"463","814844",0,FALSE,"Carlisle St & Biltmore Ave",c(216306.171742864, 928381.293456989),"LRTA"
"464","814845",0,FALSE,"Boston Rd & Pinedale Ave",c(222524.814197885, 919675.463395051),"LRTA"
"465","814846",0,FALSE,"9 Brick Kiln Rd",c(215903.978138204, 926613.136120638),"LRTA"
"466","814847",4,TRUE,"Middlesex St & Moulton Ave",c(215670.088660421, 932380.379880378),"LRTA"
"467","814849",1,FALSE,"UPS (90 Brick Kiln Rd)",c(215988.950789269, 927078.435058713),"LRTA"
"468","814850",0,FALSE,"Boston Rd & Callahan St",c(222731.359235445, 919489.118865987),"LRTA"
"469","814851",1,FALSE,"Cross Point Tower",c(214194.342719457, 929339.603479289),"LRTA"
"470","814852",0,FALSE,"Middlesex Tpk & Suburban Park Dr",c(220069.263871038, 919627.448649227),"LRTA"
"471","814855",1,FALSE,"Westford St & Steadman St",c(212441.786939581, 931086.823984083),"LRTA"
"472","814856",1,FALSE,"910 Andover Street",c(218745.95092369, 932920.225250496),"LRTA"
"473","814857",0,FALSE,"Gorham St & Carter St",c(215738.71113843, 931040.815748197),"LRTA"
"474","814858",0,FALSE,"Andover Street & River Road",c(218720.140519709, 932883.7105377),"LRTA"
"475","814859",0,FALSE,"Andover St & River Rd",c(218751.205952852, 932862.634498324),"LRTA"
"476","814860",0,FALSE,"Bridge St & 13th St",c(216124.953878997, 934088.868281339),"LRTA"
"477","814861",0,FALSE,"Cross Point Tower",c(214214.791989785, 929413.120647706),"LRTA"
"478","814862",0,FALSE,"Gorham St & Moore St",c(215739.658846566, 930969.759874146),"LRTA"
"479","814863",0,FALSE,"Gorham St & Dix St",c(215726.636801855, 930975.097130097),"LRTA"
"480","814865",0,FALSE,"Main St & Summer St",c(221688.516486244, 929188.045985368),"LRTA"
"481","814866",0,FALSE,"Lakeview Ave & Campaw St",c(214985.002704462, 934513.12512622),"LRTA"
"482","814867",0,FALSE,"Boston Rd & Cunningham St",c(215404.070717744, 930118.030742554),"LRTA"
"483","814868",0,FALSE,"Lakeview Ave & Christine Ave",c(208405.14940615, 937263.060186566),"LRTA"
"484","814869",1,FALSE,"Wentworth Ave & Mansur St",c(217412.452684678, 932241.461000842),"LRTA"
"485","814870",0,FALSE,"Main St & Summer St",c(221644.818952912, 929193.655498033),"LRTA"
"486","814871",1,FALSE,"Burnham Rd & Florence St",c(218647.029016209, 933174.569293594),"LRTA"
"487","814872",0,FALSE,"Tewksbury Town Hall",c(221885.537193438, 929104.979336669),"LRTA"
"488","814873",0,FALSE,"Billerica Rd & Hildreth St",c(212922.423491969, 927633.996137151),"LRTA"
"489","814874",0,FALSE,"Chelmsford Rd & Executive Park Dr",c(215877.702621581, 926370.800910092),"LRTA"
"490","814875",0,FALSE,"Main St & Hill St",c(224677.022725038, 926232.869344919),"LRTA"
"491","814877",0,FALSE,"Billerica Rd & Hildreth St",c(212913.462781104, 927646.611742063),"LRTA"
"492","814878",1,FALSE,"Market St & Palmer St",c(215552.519434475, 932670.229436649),"LRTA"
"493","814879",1,FALSE,"Across From 1075 Westford St",c(211967.856104137, 931009.567510338),"LRTA"
"494","814880",0,FALSE,"Concord Rd & Campbell Rd",c(218590.678262716, 922240.96675709),"LRTA"
"495","814882",0,FALSE,"Gorham St & O'Connor Dr",c(215884.550592647, 930368.958300895),"LRTA"
"496","814883",0,FALSE,"Carlisle St & Devine Ave",c(215919.308632509, 929426.374486951),"LRTA"
"497","814884",0,FALSE,"Gorham St & Lundberg St",c(215939.526755449, 930176.548988819),"LRTA"
"498","814885",0,FALSE,"Gorham St & Carlisle St",c(216448.431045734, 928223.042287136),"LRTA"
"499","814886",0,FALSE,"Gorham St & Corbett St",c(215992.667089748, 929952.982511806),"LRTA"
"500","814887",0,FALSE,"Middlesex St & Foster St",c(213153.543939289, 931994.351820954),"LRTA"
"501","814888",0,FALSE,"Gorham St & Cosgrove St",c(216011.901489739, 929868.848526245),"LRTA"
"502","814890",0,FALSE,"Middlesex St & Pawtucket St",c(212895.702810724, 931982.955545717),"LRTA"
"503","814891",0,FALSE,"Gorham St & Rivers Edge Rd",c(216084.777029174, 929610.421943071),"LRTA"
"504","814892",0,FALSE,"Middlesex Tpk & Oak Park Dr",c(220809.036012507, 918754.457677332),"LRTA"
"505","814894",0,FALSE,"Lakeview Ave & Litchfield Ave",c(213383.55411336, 936218.16133058),"LRTA"
"506","814895",0,FALSE,"Littleton Rd & Patriot Way",c(210825.431587137, 926854.273265032),"LRTA"
"507","814896",0,FALSE,"Across From 181 Littleton",c(210423.00444523, 926572.350831277),"LRTA"
"508","814897",0,FALSE,"Littleton Rd & Hunt Rd",c(210107.589470795, 926374.305183238),"LRTA"
"509","814898",0,FALSE,"Across From 207 Main",c(226206.03732413, 922912.807774852),"LRTA"
"510","814899",0,FALSE,"Across From 2189 Lakeview",c(211439.449443816, 936617.843136185),"LRTA"
"511","814900",1,FALSE,"Church St & Warren St",c(216073.030586562, 932368.571479569),"LRTA"
"512","814901",0,FALSE,"Gorham St & Appleton St",c(215677.081871014, 932250.751994508),"LRTA"
"513","814902",1,FALSE,"Varnum Ave & Brookside St",c(213204.579918057, 932972.615705788),"LRTA"
"514","814903",0,FALSE,"Residence Inn",c(205532.109644349, 923384.95905471),"LRTA"
"515","814904",0,FALSE,"Across From 2341 Main",c(225166.294382837, 925403.937688121),"LRTA"
"516","814905",0,FALSE,"Old Elm St & Wilson St",c(217587.383305407, 926677.034548262),"LRTA"
"517","814907",2,FALSE,"Middlesex St & Pearl St",c(215349.074357527, 932249.988315231),"LRTA"
"518","814909",0,FALSE,"Carlisle St & Riverneck Rd",c(215879.871316191, 929016.692739713),"LRTA"
"519","814910",2,FALSE,"Merrimack St & Ash St",c(216356.556819482, 932662.50996297),"LRTA"
"520","814912",0,FALSE,"Lawrence St & Mill St",c(216073.039699347, 931914.050660996),"LRTA"
"521","814913",1,FALSE,"Hovey St & Florida St",c(217977.953929916, 932062.919845585),"LRTA"
"522","814914",1,FALSE,"Chelmsford St & Lincoln St",c(214817.081269794, 931292.132862815),"LRTA"
"523","814916",0,FALSE,"Chelmsford St & Cambridge St",c(214920.837364832, 931492.060610158),"LRTA"
"524","814917",0,FALSE,"Boston Rd & Post St",c(216524.54103576, 927404.016169714),"LRTA"
"525","814918",0,FALSE,"Billerica Rd & Omni Way",c(214985.470962314, 926748.629219331),"LRTA"
"526","814919",0,FALSE,"Hannaford",c(215348.881611412, 934961.260627227),"LRTA"
"527","814921",0,FALSE,"High St & Oak St",c(216459.636250834, 932206.210970701),"LRTA"
"528","814922",1,FALSE,"Hovey St & Douglas Rd",c(218171.994743949, 932159.663138354),"LRTA"
"529","814923",0,FALSE,"Boston Rd & Lasallette Rd",c(218715.846512097, 923808.677388303),"LRTA"
"530","814924",0,FALSE,"Lakeview Ave & Frost Rd",c(207289.666461902, 937962.099365278),"LRTA"
"531","814925",0,FALSE,"Across From 400 Littleton",c(203334.85188804, 922245.196909302),"LRTA"
"532","814927",0,FALSE,"Beacon St & Methuen St",c(216532.837435951, 934066.936913858),"LRTA"
"533","814928",0,FALSE,"Riverview Commerce Center",c(217494.937631918, 929174.973286995),"LRTA"
"534","814929",0,FALSE,"North Rd & Worthen St",c(212007.831670772, 927856.649030799),"LRTA"
"535","814930",0,FALSE,"Across From 439 Littleton",c(202944.757851907, 922177.494980669),"LRTA"
"536","814932",0,FALSE,"Stevens St & Parker St",c(213776.387486366, 930741.845123235),"LRTA"
"537","814933",1,FALSE,"Chelmsford St & Plain St",c(214540.760585643, 930675.176646757),"LRTA"
"538","814934",0,FALSE,"Middlesex St & Gay St",c(209944.890444071, 931941.479935604),"LRTA"
"539","814935",1,FALSE,"Douglas Rd & Rogers St",c(218041.709069378, 931177.242339419),"LRTA"
"540","814937",1,FALSE,"Princeton Blvd & Wood St",c(211903.409964604, 931387.762639357),"LRTA"
"541","814938",0,FALSE,"Church St & Lawrence St",c(216037.473313536, 932246.189401976),"LRTA"
"542","814939",1,FALSE,"Westford St & Tyler Park",c(212986.282631116, 931371.485959623),"LRTA"
"543","814940",0,FALSE,"Merrimack St & Aiken St",c(214741.011858442, 933168.067088131),"LRTA"
"544","814941",0,FALSE,"Middlesex Turnpike & Manning Rd",c(219632.087163662, 920138.021481141),"LRTA"
"545","814942",0,FALSE,"Carlisle St & Suttle Ave",c(215964.124601778, 929539.888651762),"LRTA"
"546","814943",0,FALSE,"Boston Rd & Alpine St",c(216649.805342687, 926895.9512271),"LRTA"
"547","814944",0,FALSE,"Across From 80 Brick Kiln",c(215994.633467241, 927405.158832653),"LRTA"
"548","814945",0,FALSE,"Chelmsford St & Alpine St",c(212539.805946796, 927876.209314703),"LRTA"
"549","814946",0,FALSE,"East St & Preservation Ln",c(222202.20577949, 929016.142520303),"LRTA"
"550","814947",0,FALSE,"Across From 805 Middlesex Tpk",c(219810.657862407, 919929.758842097),"LRTA"
"551","814949",0,FALSE,"Across From 84 Brick Kiln",c(215989.566825971, 927245.985092285),"LRTA"
"552","814950",0,FALSE,"Boston Rd & Marriner St",c(215336.84894723, 930231.76868181),"LRTA"
"553","814951",0,FALSE,"UPS (Across From 90 Brick Kiln)",c(215975.127356206, 927057.741914446),"LRTA"
"554","814952",0,FALSE,"Middlesex Tpk & Suburban Park Dr",c(220061.743680304, 919619.017448071),"LRTA"
"555","814954",0,FALSE,"Lowell St & Boston Rd",c(216730.53026353, 926721.632818116),"LRTA"
"556","814955",0,FALSE,"Andover St & Sandpipper Ln",c(218993.898480198, 932814.251897887),"LRTA"
"557","814956",0,FALSE,"Littleton Rd & Concord Rd",c(204844.828038096, 922741.808206526),"LRTA"
"558","814958",0,FALSE,"Western Regency Hotel",c(205877.515460994, 923692.965327136),"LRTA"
"559","814959",0,FALSE,"Livingston St & Delaney Dr",c(223768.895375481, 928153.050774516),"LRTA"
"560","814960",0,FALSE,"Lakeview Ave & Florence St",c(211627.360737112, 936734.127575344),"LRTA"
"561","814962",0,FALSE,"Main St (Across From Haffners Car Wash)",c(224981.706945498, 925782.627802462),"LRTA"
"562","814965",0,FALSE,"Bridge St & Amory St (Across From Mass Mills)",c(215876.506984873, 932936.896042798),"LRTA"
"563","814967",0,FALSE,"Main St & Old Main St (Motel 6)",c(218995.095278363, 930631.866516793),"LRTA"
"564","814969",0,FALSE,"Littleton Rd & Park Dr",c(205215.989187662, 923120.007064022),"LRTA"
"565","814970",0,FALSE,"Billerica Rd & Riverneck Rd (Pine Ridge Cemetery)",c(213293.865126774, 927578.534567222),"LRTA"
"566","814973",1,FALSE,"Varnum Ave (Riverview Village Condos)",c(210089.944112853, 933351.292895934),"LRTA"
"567","814974",0,FALSE,"Andover St & Concord St",c(216283.110403538, 932367.113140245),"LRTA"
"568","814975",1,FALSE,"Andover St & Fayette St",c(216271.563482904, 932385.431197484),"LRTA"
"569","814976",0,FALSE,"Andover St & Sandpiper Ln",c(219061.240315793, 932809.325141674),"LRTA"
"570","814977",0,FALSE,"Andpver St & Highwood Dr (Highwood Office Park)",c(221639.412801949, 932504.985697235),"LRTA"
"571","814978",0,FALSE,"Salvation Army (Appleton St & South St)",c(215513.755653577, 932214.47102418),"LRTA"
"572","814979",0,FALSE,"Arlington St & Bridge St",c(216188.936419659, 935421.194137819),"LRTA"
"573","814980",1,FALSE,"UMASS Lowell At Cumnock Hall (University Ave)",c(214246.064719145, 933658.15855033),"LRTA"
"574","814981",0,FALSE,"Dracut High School",c(213543.717891133, 936038.509726949),"LRTA"
"575","814982",0,FALSE,"IRS Facility",c(225953.819496797, 933085.00185324),"LRTA"
"576","814983",0,FALSE,"Raytheon Facility Andover",c(225785.090274082, 932095.935263029),"LRTA"
"577","814984",0,FALSE,"Ayotte's Market Hudson, NH",c(206579.103708753, 938746.557809994),"LRTA"
"578","814985",0,FALSE,"Varnum Rd & Nashua Rd",c(211184.875650472, 936582.392544735),"LRTA"
"579","814992",0,FALSE,"Beacon St & 11th St",c(216584.677068239, 933871.799372513),"LRTA"
"580","814997",0,FALSE,"Billerica Rd & Riverneck Rd",c(213299.431525814, 927588.074174426),"LRTA"
"581","815002",0,FALSE,"Boston Rd & Casco St",c(216503.058343488, 927576.801066434),"LRTA"
"582","815003",0,FALSE,"Boston Rd & Lexington Rd",c(219712.291724477, 921999.651475798),"LRTA"
"583","815004",0,FALSE,"Boston Rd & Manning Rd",c(215851.461262511, 929186.38767855),"LRTA"
"584","815005",0,FALSE,"Boys & Girls Club",c(214758.391291708, 932001.635645767),"LRTA"
"585","815007",0,FALSE,"Bridge St & 3rd St",c(216093.2822682, 933286.212015427),"LRTA"
"586","815009",0,FALSE,"Bridge St & Aiken Ave",c(216131.333025437, 935355.799828848),"LRTA"
"587","815010",0,FALSE,"Bridge St & French St",c(215855.269839017, 932899.634207235),"LRTA"
"588","815011",0,FALSE,"Bridge St & W 6th St",c(216134.107675802, 933461.573305557),"LRTA"
"589","815013",0,FALSE,"Bridge St & 13th St",c(216118.629646046, 934153.801701109),"LRTA"
"590","815018",0,FALSE,"Bridge St & Emerson Ave",c(216125.753862726, 935066.840491013),"LRTA"
"591","815021",0,FALSE,"Bridge St & 10th St",c(216216.981322917, 933721.608958447),"LRTA"
"592","815028",0,FALSE,"Bridge St & 6th St",c(216176.61202406, 933547.961109995),"LRTA"
"593","815029",0,FALSE,"Bridge St & Massmills Dr",c(215899.135272932, 932939.280237442),"LRTA"
"594","815031",0,FALSE,"Broadway Rd & Loon Hill Rd",c(216771.594947102, 935760.44894253),"LRTA"
"595","815033",0,FALSE,"Dummer St & Broadway St",c(215102.462757214, 932703.457597855),"LRTA"
"596","815035",0,FALSE,"Broadway St & Walker St",c(213821.544010432, 932433.953400535),"LRTA"
"597","815037",0,FALSE,"Burlington Mall at Macy's",c(223631.540549707, 914484.994387774),"LRTA"
"598","815038",1,FALSE,"Burnham Rd & Florence St",c(218640.919729604, 933166.06646312),"LRTA"
"599","815039",1,FALSE,"Carl St & Black Brook Dr",c(211782.607403003, 930946.905136002),"LRTA"
"600","815040",0,FALSE,"Brick Kiln Rd & Carlisle St",c(216406.969898278, 928204.123064856),"LRTA"
"601","815046",0,FALSE,"Church St & Central Plaza",c(215822.644307209, 932329.81734389),"LRTA"
"602","815048",0,FALSE,"Merrimack St & Pawtucket St",c(214470.527612256, 933340.606817026),"LRTA"
"603","815050",0,FALSE,"Cornerstone Square",c(205953.980105771, 923875.333717956),"LRTA"
"604","815051",0,FALSE,"Dalton Rd & North Rd",c(211970.103930361, 928262.672790498),"LRTA"
"605","815052",1,FALSE,"Douglas Rd & Donald Terrace (Janas Skate Rink)",c(218176.31364858, 931572.506087947),"LRTA"
"606","815054",3,FALSE,"Walmart at Drum Hill Plaza",c(211388.283134834, 930293.767360447),"LRTA"
"607","815055",0,FALSE,"Woburn St & Commonwealth Ave (Ducharme Park)",c(217424.108264565, 929409.01286276),"LRTA"
"608","815057",0,FALSE,"Dutton St & Market St",c(215275.646995205, 932711.942893007),"LRTA"
"609","815058",1,FALSE,"Dutton St & Broadway St",c(215210.55892321, 932605.219460762),"LRTA"
"610","815059",0,FALSE,"Dutton St & Market St",c(215306.714606651, 932764.485665822),"LRTA"
"611","815060",1,FALSE,"Dutton St at Lowell Sun",c(215068.341527785, 932401.453828104),"LRTA"
"612","815061",1,FALSE,"Old Meadow Rd & University Ave",c(213486.947604269, 934291.153059856),"LRTA"
"613","815062",1,FALSE,"E Meadow Rd & E Meadow Ln",c(213344.128340823, 934123.399652193),"LRTA"
"614","815063",1,FALSE,"E Meadow Rd & Shea St",c(213180.530392213, 934088.227867173),"LRTA"
"615","815064",0,FALSE,"East St (Tewsbury Hospital)",c(222942.826928463, 929071.382934086),"LRTA"
"616","815067",0,FALSE,"Fletcher St & Bowers St",c(214421.716660708, 933056.828069171),"LRTA"
"617","815068",0,FALSE,"Village Square",c(212082.051027218, 927682.784782034),"LRTA"
"618","815069",0,FALSE,"Fox Hall UMass Lowell",c(214733.570942869, 933567.472228512),"LRTA"
"619","815072",0,FALSE,"French St & John St",c(215807.709741067, 932887.537247468),"LRTA"
"620","815073",0,FALSE,"Frost Rd & Norris Rd",c(206931.568901035, 938281.998882368),"LRTA"
"621","815075",0,FALSE,"Gorham St & South St",c(215678.593568352, 931785.134686953),"LRTA"
"622","815079",1,FALSE,"Greater Lowell Technical School",c(209508.295261011, 933947.229852002),"LRTA"
"623","815080",0,FALSE,"Greenmont Ave & Pleasant St",c(215695.461191691, 935279.430468705),"LRTA"
"624","815081",0,FALSE,"Groton & Needham St",c(208579.115493429, 931669.321076259),"LRTA"
"625","815082",0,FALSE,"Hale St & Cambridge St",c(214954.570230146, 931374.893376986),"LRTA"
"626","815083",3,FALSE,"Hale Street @ Kennedy Center Busway",c(215401.605505902, 931604.353694218),"LRTA"
"627","815084",0,FALSE,"Hildreth St & Henry Ave",c(215345.647263064, 934866.719409165),"LRTA"
"628","815085",0,FALSE,"Hildreth St & Ludlam St",c(215713.053798923, 934405.368700333),"LRTA"
"629","815086",1,FALSE,"Hovey St & Belvidere Cir",c(217815.524421299, 932042.05615804),"LRTA"
"630","815087",1,FALSE,"Hovey St & Douglas Rd",c(218201.40341197, 932168.832117673),"LRTA"
"631","815088",1,FALSE,"Hovey St & Holyrood Ave",c(217693.728059934, 932004.758418051),"LRTA"
"632","815089",1,FALSE,"Hovey St & Luce St",c(217831.812609604, 932056.144835816),"LRTA"
"633","815092",0,FALSE,"Humphrey St & Methuen St",c(216632.594189844, 934184.003180614),"LRTA"
"634","815096",0,FALSE,"99 Restaurant (Industrial Ave at Lowes Way)",c(214388.661826351, 929510.482057345),"LRTA"
"635","815097",0,FALSE,"Lowell St (Haggetts Pond)",c(224160.66726579, 932547.365351699),"LRTA"
"636","815098",4,TRUE,"Merrimack St & John St",c(215605.716828481, 932813.987577348),"LRTA"
"637","815099",0,FALSE,"Billerica Mall",c(219394.50101328, 922834.549895036),"LRTA"
"638","815102",1,FALSE,"Kohls Plaza",c(213573.997665222, 928847.458284393),"LRTA"
"639","815103",0,FALSE,"Lahey Clinic",c(224296.176105874, 914996.040160025),"LRTA"
"640","815104",0,FALSE,"Lakeview Ave & Elm St",c(212664.955093061, 936709.936019292),"LRTA"
"641","815106",0,FALSE,"Lakeview Ave & Catherine St",c(212108.613639926, 936937.788852599),"LRTA"
"642","815107",0,FALSE,"Lakeview Ave & Christine Ave",c(208287.039363977, 937411.997608468),"LRTA"
"643","815108",0,FALSE,"Four Corners (Lakeview Ave & Coburn Rd)",c(208628.461650248, 936810.876238967),"LRTA"
"644","815110",0,FALSE,"Frost Rd & Lakeview Ave",c(207185.935517265, 938028.310866955),"LRTA"
"645","815111",0,FALSE,"Lakeview Ave & Gerard St",c(213769.923269325, 935815.223373213),"LRTA"
"646","815112",0,FALSE,"Lakeview Ave & Hopkins St",c(213681.034350982, 935914.804486629),"LRTA"
"647","815113",0,FALSE,"Lakeview Ave & Lawrence Rd",c(208108.971543035, 937640.199518808),"LRTA"
"648","815114",0,FALSE,"Lakeview Ave & Mammoth Rd",c(211958.926358996, 936955.305058982),"LRTA"
"649","815116",0,FALSE,"Lakeview Ave & Union St",c(214261.141698499, 935393.635536458),"LRTA"
"650","815117",0,FALSE,"Lakeview Ave at Beavor Brook Village",c(212455.33380954, 936873.19009527),"LRTA"
"651","815119",0,FALSE,"Lakeview Ave At Parker Ave",c(214243.915577033, 935391.045138231),"LRTA"
"652","815124",0,FALSE,"School St & Liberty St",c(214346.880710916, 931448.763218682),"LRTA"
"653","815127",0,FALSE,"Liberty St & Warwick St",c(213956.485017663, 931463.143310351),"LRTA"
"654","815128",0,FALSE,"Littleton Rd & Hunt Rd",c(210081.736477928, 926371.719575345),"LRTA"
"655","815129",0,FALSE,"Littleton Rd & Park Dr",c(205252.828354147, 923131.916667505),"LRTA"
"656","815130",0,FALSE,"Littleton Rd & Tadmuck Rd",c(207707.3859927, 924825.091754361),"LRTA"
"657","815131",0,FALSE,"Littleton Rd & Concord Rd (Boch West)",c(204780.39404022, 922744.859926916),"LRTA"
"658","815132",0,FALSE,"Littleton Rd & Princeton Wy (Princeton Apartments)",c(208226.001006345, 925184.023169564),"LRTA"
"659","815133",0,FALSE,"Livingston St & Eagle Dr",c(224092.800521464, 926977.372736701),"LRTA"
"660","815134",0,FALSE,"Livingston St & Delaney Dr",c(223746.224731872, 928183.522054963),"LRTA"
"661","815135",0,FALSE,"Livingston St & Pondview Ln",c(223861.148315411, 927877.018002162),"LRTA"
"662","815136",0,FALSE,"Livingston St & Saunders Circle",c(223819.798047371, 927976.734350617),"LRTA"
"663","815137",1,FALSE,"Lowell General Hospital",c(213051.051704628, 933033.696564352),"LRTA"
"664","815138",2,FALSE,"Saints Memorial Hospital",c(216375.026637349, 932795.078206842),"LRTA"
"665","815139",3,FALSE,"Lowell High School",c(215467.664872266, 933066.838824153),"LRTA"
"666","815140",0,FALSE,"Lowell St & Haggetts Pnd Rd",c(224375.843440827, 932548.960063599),"LRTA"
"667","815142",0,FALSE,"Main St & Glen Rd",c(225863.847509648, 924030.090198922),"LRTA"
"668","815143",0,FALSE,"Main St & Winter St",c(225571.809309452, 924536.732888406),"LRTA"
"669","815144",0,FALSE,"Main St & Wisser St",c(226083.811902231, 923237.613027546),"LRTA"
"670","815145",0,FALSE,"Main St & Lake St",c(225774.481644895, 924169.900700856),"LRTA"
"671","815146",0,FALSE,"Main St & Wilmington Plaza",c(226315.184234511, 922668.339758267),"LRTA"
"672","815147",0,FALSE,"Market Basket Plaza",c(224257.710390109, 926693.109311668),"LRTA"
"673","815148",0,FALSE,"Main St & Nichols St",c(225033.447777493, 925673.891499363),"LRTA"
"674","815149",0,FALSE,"Main St & Dollar Valley Plaza",c(220274.876535579, 929865.20143076),"LRTA"
"675","815150",1,FALSE,"Mammoth Rd & Tolman Ave",c(213183.118919515, 933829.081497459),"LRTA"
"676","815151",0,FALSE,"Market Basket at Sunrise Plaza",c(216192.67112226, 934871.626083293),"LRTA"
"677","815152",2,FALSE,"Leo Roy Parking Garage (Market St)",c(215543.138074087, 932663.536978988),"LRTA"
"678","815153",1,FALSE,"Meadow Brook Plaza (Plain St)",c(214940.863951746, 930264.681730645),"LRTA"
"679","815157",2,FALSE,"Merrimack St & Shattuck St",c(215408.626510494, 932803.991180428),"LRTA"
"680","815158",0,FALSE,"Merrimack St & Dutton St",c(215308.024270618, 932831.763843232),"LRTA"
"681","815159",0,FALSE,"Lowell City Hall (Merrimack St)",c(215227.696627518, 932858.319596315),"LRTA"
"682","815160",0,FALSE,"Middlesex Turnpike Ext & A St",c(222417.005013015, 916394.263242019),"LRTA"
"683","815162",0,FALSE,"Middlesex Tpk & Marshall St",c(219277.39905115, 920512.162760739),"LRTA"
"684","815163",0,FALSE,"Middlesex Tpk & Plank St",c(221254.505782082, 918271.248748675),"LRTA"
"685","815164",0,FALSE,"Middlesex St & Pratt Ave",c(212189.849857497, 931708.348485246),"LRTA"
"686","815165",0,FALSE,"Middlesex Tpk & Terrace Hall Ave",c(222531.737965573, 916057.473271637),"LRTA"
"687","815167",0,FALSE,"Middlesex St Middlesex Plaza",c(211802.09017349, 931579.270308584),"LRTA"
"688","815168",0,FALSE,"Middlesex Tpk & Lexington Rd",c(219976.560320508, 919737.656022102),"LRTA"
"689","815172",0,FALSE,"Nixon Rd & Littleton Rd",c(206689.619405219, 924411.340900941),"LRTA"
"690","815173",0,FALSE,"Fletcher St & North Rd",c(212092.880823858, 927673.679967948),"LRTA"
"691","815174",0,FALSE,"North St & International Pl",c(221139.21085675, 932248.870516852),"LRTA"
"692","815175",0,FALSE,"North Billerica Train Station",c(217890.53172306, 926911.349632525),"LRTA"
"693","815176",0,FALSE,"North Billerica Train Station",c(218076.103231039, 927006.995312695),"LRTA"
"694","815177",0,FALSE,"On Property Southgate Rd",c(223212.901563043, 928597.885780385),"LRTA"
"695","815178",0,FALSE,"Westford Regency Hotel (Littleton Rd)",c(205798.224826452, 923628.946166431),"LRTA"
"696","815181",0,FALSE,"Lakeview Ave & Phineas St",c(213734.863330831, 935832.446883104),"LRTA"
"697","815182",0,FALSE,"East St & Chandler St",c(222851.165607274, 929046.653815176),"LRTA"
"698","815184",0,FALSE,"Pollard St & Salem Rd",c(218365.112507807, 924789.945541418),"LRTA"
"699","815185",1,FALSE,"Princeton Blvd & Cornell St",c(212003.373310169, 931399.200609613),"LRTA"
"700","815186",0,FALSE,"Vinal Square (Princeton Blvd & Shaw St)",c(209672.823044052, 931991.909312046),"LRTA"
"701","815188",0,FALSE,"Billerica Rd & Industrial Ave",c(213516.211643998, 927495.223132548),"LRTA"
"702","815190",0,FALSE,"Residence Inn Hotel",c(221575.756942787, 932488.819207806),"LRTA"
"703","815191",0,FALSE,"Rogers St & Hanks St",c(216845.434892035, 931768.766343628),"LRTA"
"704","815192",0,FALSE,"Rogers St & Park Ave",c(216695.700444182, 931784.728987024),"LRTA"
"705","815193",0,FALSE,"Rogers St & Holyrood Ave (Wingate Rehabilitation)",c(217796.535706193, 931204.130602099),"LRTA"
"706","815196",0,FALSE,"Rogers at Fire Station",c(217465.146430273, 931321.279607765),"LRTA"
"707","815197",0,FALSE,"Rogers St & High St",c(216616.241025155, 931787.813377529),"LRTA"
"708","815198",0,FALSE,"Rogers St & Lowell Research Center Dr (McDonalds)",c(218309.823457637, 931012.800909412),"LRTA"
"709","815200",0,FALSE,"Rt 38 Across From Waffle House",c(219404.611414418, 930205.430785784),"LRTA"
"710","815201",0,FALSE,"Rt 38 at Applebee's",c(218795.236380347, 930752.860271868),"LRTA"
"711","815202",0,FALSE,"Rt 37 at Motel 6",c(218929.596881363, 930664.798818865),"LRTA"
"712","815203",0,FALSE,"Walmart",c(218957.841948864, 930291.963164153),"LRTA"
"713","815206",0,FALSE,"Dracut Village Square at Scola's",c(216847.170520478, 935882.05873692),"LRTA"
"714","815207",0,FALSE,"Sladen St & Pleasant St",c(214709.153013456, 934923.446925857),"LRTA"
"715","815210",0,FALSE,"Lakeview Ave & Old Rd (St. Therese Church)",c(214121.812204735, 935579.398755797),"LRTA"
"716","815211",2,FALSE,"Stadium Plaza",c(218644.289966935, 931186.687970693),"LRTA"
"717","815220",0,FALSE,"Talbot Ave & Colson St",c(217433.171557407, 926189.424705766),"LRTA"
"718","815221",1,FALSE,"Research Pl & Technology Dr",c(210954.202107207, 930719.417346365),"LRTA"
"719","815222",0,FALSE,"Technology Dr & Research Pl",c(211040.89575508, 930796.917148282),"LRTA"
"720","815223",0,FALSE,"Tewksbury State Hospital",c(223114.349477337, 929001.877464256),"LRTA"
"721","815225",0,FALSE,"Towne Plaza at CVS",c(221086.272850016, 921006.465470613),"LRTA"
"722","815227",0,FALSE,"Tyngsboro Rd & Fellows Ln",c(211056.206402215, 936369.209921527),"LRTA"
"723","815228",0,FALSE,"Tyngsboro Rd & Locust St",c(210037.848525555, 936814.868480342),"LRTA"
"724","815229",0,FALSE,"UMASS South Campus Parking Lot",c(213326.255388129, 932238.199076271),"LRTA"
"725","815230",1,FALSE,"UMASS at Alumni Memorial Library (University Ave)",c(214263.197202255, 933619.982215729),"LRTA"
"726","815231",1,FALSE,"Varnum Ave & Laurie Ln",c(211616.819608981, 932817.207293519),"LRTA"
"727","815233",1,FALSE,"Varnum Ave & Meadowview Dr",c(212148.46025859, 932733.992253301),"LRTA"
"728","815235",1,FALSE,"Varnum Ave (Opp. from D'Youville)",c(211175.047789615, 932558.105548999),"LRTA"
"729","815236",0,FALSE,"Varnum Ave & Long Pond Dr",c(211525.929324182, 937082.943223327),"LRTA"
"730","815238",0,FALSE,"W 6th St & West St",c(215735.135925767, 933754.418877006),"LRTA"
"731","815239",0,FALSE,"W 6th St & Jewett St",c(215964.900774331, 933642.015037244),"LRTA"
"732","815243",0,FALSE,"W 6th St & Bridge St",c(216124.239876894, 933533.333319322),"LRTA"
"733","815244",1,FALSE,"Westford St & Fernald St",c(214451.179343442, 931691.690243458),"LRTA"
"734","815245",1,FALSE,"Westford St & Foster St",c(213269.331399766, 931466.145661263),"LRTA"
"735","815246",1,FALSE,"Westford St & Gibson St",c(213175.696952317, 931436.707381656),"LRTA"
"736","815247",1,FALSE,"Westford St & Grand St",c(214939.76010027, 931895.628858406),"LRTA"
"737","815248",1,FALSE,"Westford St & Pine St",c(214121.127723672, 931601.977776775),"LRTA"
"738","815249",1,FALSE,"Westford St & Royal St",c(214824.876832926, 931845.396122429),"LRTA"
"739","815250",1,FALSE,"Westford St & Rutland St",c(212965.379807408, 931375.505694582),"LRTA"
"740","815251",1,FALSE,"Westford St & Stevens St",c(213652.611479051, 931535.415521277),"LRTA"
"741","815252",0,FALSE,"Westford St & Technology Dr",c(211653.196901892, 930719.213562886),"LRTA"
"742","815253",1,FALSE,"Westford St & Tyler Park",c(212880.150788783, 931321.021640557),"LRTA"
"743","815254",1,FALSE,"Westford St & Wilder St",c(213840.062170508, 931553.494619532),"LRTA"
"744","815255",1,FALSE,"Westminster Village Apts",c(210445.604079017, 932929.74501111),"LRTA"
"745","815258",0,FALSE,"Wilmington Train Station",c(226746.17069336, 921872.666472675),"LRTA"
"746","815259",0,FALSE,"Riverside School",c(217035.856816485, 930137.659322214),"LRTA"
"747","815262",1,FALSE,"Wood St & Black Brook Dr",c(211902.677101791, 931244.242900192),"LRTA"
"748","815265",1,FALSE,"Brookside St & Woodward Ave",c(213234.31052322, 933092.517393479),"LRTA"
"749","815266",1,FALSE,"Woodward Ave & Courtland St",c(213409.64724463, 933293.174080729),"LRTA"
"750","815267",1,FALSE,"Woodward Ave & Mammoth Rd",c(213553.274605277, 933486.436792101),"LRTA"
"751","815376",0,FALSE,"Beech St & Third St",c(216495.827584703, 933280.472971221),"LRTA"
"752","815378",1,FALSE,"Westford St and Foster St",c(213273.754746383, 931453.878615777),"LRTA"
"753","815379",1,FALSE,"Westford St & Stevens St",c(213643.966553563, 931516.790643073),"LRTA"
"754","815396",1,FALSE,"Woodward Ave & Courtland St",c(213403.466230304, 933299.622917548),"LRTA"
"755","816013",0,FALSE,"Boston Rd And Lexington Rd",c(219751.460798496, 921996.428687993),"LRTA"
"756","816014",0,FALSE,"Billerica Rd & Apollo Dr",c(214071.152577769, 927342.737139762),"LRTA"
"757","816197",0,FALSE,"158 Concord Rd",c(218262.167341414, 922087.679077238),"LRTA"
"758","820659",3,FALSE,"Dutton St And Broadway St",c(215216.67711007, 932587.135952472),"LRTA"
"759","820660",3,FALSE,"Dutton St & Market St",c(215287.722102017, 932701.167750616),"LRTA"
